-- MySQL dump 10.13  Distrib 8.0.21, for Linux (x86_64)
--
-- Host: localhost    Database: vk
-- ------------------------------------------------------
-- Server version	8.0.21-0ubuntu0.20.04.4

/*!40101 SET @OLD_CHARACTER_SET_CLIENT=@@CHARACTER_SET_CLIENT */;
/*!40101 SET @OLD_CHARACTER_SET_RESULTS=@@CHARACTER_SET_RESULTS */;
/*!40101 SET @OLD_COLLATION_CONNECTION=@@COLLATION_CONNECTION */;
/*!50503 SET NAMES utf8mb4 */;
/*!40103 SET @OLD_TIME_ZONE=@@TIME_ZONE */;
/*!40103 SET TIME_ZONE='+00:00' */;
/*!40014 SET @OLD_UNIQUE_CHECKS=@@UNIQUE_CHECKS, UNIQUE_CHECKS=0 */;
/*!40014 SET @OLD_FOREIGN_KEY_CHECKS=@@FOREIGN_KEY_CHECKS, FOREIGN_KEY_CHECKS=0 */;
/*!40101 SET @OLD_SQL_MODE=@@SQL_MODE, SQL_MODE='NO_AUTO_VALUE_ON_ZERO' */;
/*!40111 SET @OLD_SQL_NOTES=@@SQL_NOTES, SQL_NOTES=0 */;

--
-- Table structure for table `communities`
--

DROP TABLE IF EXISTS `communities`;
/*!40101 SET @saved_cs_client     = @@character_set_client */;
/*!50503 SET character_set_client = utf8mb4 */;
CREATE TABLE `communities` (
  `id` int unsigned NOT NULL AUTO_INCREMENT COMMENT 'Идентификатор сроки',
  `name` varchar(150) CHARACTER SET utf8 COLLATE utf8_unicode_ci NOT NULL COMMENT 'Название группы',
  `created_at` datetime DEFAULT CURRENT_TIMESTAMP COMMENT 'Время создания строки',
  `updated_at` datetime DEFAULT CURRENT_TIMESTAMP ON UPDATE CURRENT_TIMESTAMP COMMENT 'Время обновления строки',
  PRIMARY KEY (`id`),
  UNIQUE KEY `name` (`name`)
) ENGINE=InnoDB AUTO_INCREMENT=101 DEFAULT CHARSET=utf8 COLLATE=utf8_unicode_ci COMMENT='Группы';
/*!40101 SET character_set_client = @saved_cs_client */;

--
-- Dumping data for table `communities`
--

LOCK TABLES `communities` WRITE;
/*!40000 ALTER TABLE `communities` DISABLE KEYS */;
INSERT INTO `communities` VALUES (1,'Accusamus enim nam incidunt cumque quae consequatur.','2019-11-26 17:56:01','2020-02-03 00:01:35'),(2,'Sit consectetur occaecati quia pariatur dolores ex.','2019-01-14 11:09:14','2020-01-04 05:07:25'),(3,'Provident omnis ex labore voluptatem cumque.','2019-06-23 01:58:08','2020-01-27 13:32:23'),(4,'Sed doloribus laboriosam sed temporibus qui.','2019-04-06 00:22:53','2020-01-14 16:19:40'),(5,'Perspiciatis et earum velit est officiis velit hic.','2019-11-17 20:00:00','2020-01-26 05:01:13'),(6,'Quisquam in ad ad magnam eius et.','2019-08-13 02:51:20','2020-01-13 00:07:05'),(7,'Rem suscipit debitis repellendus necessitatibus facere voluptatem est numquam.','2019-06-08 02:16:40','2020-01-21 21:31:45'),(8,'Sed et soluta maiores temporibus.','2019-04-29 02:49:17','2020-02-01 23:17:30'),(9,'Error earum iure dolorem quae.','2019-04-27 07:16:22','2020-01-25 03:52:17'),(10,'Consequuntur mollitia qui sunt at.','2019-08-16 03:53:59','2020-01-25 21:28:56'),(11,'Ut tempora quis non qui cum quisquam.','2019-02-26 21:40:46','2020-01-16 11:47:49'),(12,'Quam nostrum consequatur architecto.','2019-11-30 00:41:54','2020-01-03 18:32:20'),(13,'Culpa voluptas saepe ut quia et.','2019-02-04 10:27:11','2020-01-04 21:18:11'),(14,'Et vero placeat iste est et quia.','2019-09-26 02:10:12','2020-01-12 02:53:54'),(15,'Porro qui alias exercitationem sint eum.','2019-05-23 03:29:26','2020-01-08 10:35:00'),(16,'Necessitatibus ea ipsum qui nihil impedit occaecati.','2019-09-29 10:56:33','2020-01-04 20:13:18'),(17,'Voluptas earum minus neque iste aperiam explicabo quas quisquam.','2019-07-20 20:14:26','2020-02-03 09:21:32'),(18,'Fuga fuga quis sit qui eaque voluptas inventore.','2019-07-09 20:22:30','2020-01-10 10:07:44'),(19,'Neque molestias aliquam id natus non odio sequi.','2019-12-13 17:09:11','2020-01-20 22:34:06'),(20,'Repudiandae ipsum eligendi accusantium.','2019-03-11 00:38:20','2020-02-04 22:27:18');
/*!40000 ALTER TABLE `communities` ENABLE KEYS */;
UNLOCK TABLES;

--
-- Table structure for table `communities_users`
--

DROP TABLE IF EXISTS `communities_users`;
/*!40101 SET @saved_cs_client     = @@character_set_client */;
/*!50503 SET character_set_client = utf8mb4 */;
CREATE TABLE `communities_users` (
  `community_id` int unsigned NOT NULL COMMENT 'Ссылка на группу',
  `user_id` int unsigned NOT NULL COMMENT 'Ссылка на пользователя',
  `created_at` datetime DEFAULT CURRENT_TIMESTAMP COMMENT 'Время создания строки',
  PRIMARY KEY (`community_id`,`user_id`) COMMENT 'Составной первичный ключ'
) ENGINE=InnoDB DEFAULT CHARSET=utf8 COLLATE=utf8_unicode_ci COMMENT='Участники групп, связь между пользователями и группами';
/*!40101 SET character_set_client = @saved_cs_client */;

--
-- Dumping data for table `communities_users`
--

LOCK TABLES `communities_users` WRITE;
/*!40000 ALTER TABLE `communities_users` DISABLE KEYS */;
INSERT INTO `communities_users` VALUES (1,54,'2019-11-08 10:17:59'),(1,83,'2019-02-20 05:08:59'),(2,4,'2019-02-16 18:50:54'),(2,17,'2019-03-25 06:47:34'),(2,62,'2019-10-04 01:25:05'),(2,68,'2019-02-05 10:42:44'),(2,93,'2019-03-21 01:18:21'),(2,99,'2019-10-16 22:23:32'),(3,9,'2019-04-23 12:02:37'),(3,27,'2019-03-02 17:02:28'),(3,38,'2019-11-28 01:04:26'),(3,52,'2019-01-14 02:14:43'),(3,59,'2019-06-17 08:00:16'),(3,60,'2019-03-09 09:17:11'),(3,62,'2019-07-19 22:25:05'),(3,66,'2019-03-09 12:13:51'),(3,67,'2019-04-13 17:53:59'),(3,71,'2019-11-08 04:48:22'),(3,85,'2019-06-02 18:19:49'),(4,23,'2019-07-15 05:13:58'),(4,26,'2019-06-02 19:10:20'),(4,28,'2019-06-28 08:09:45'),(4,34,'2019-03-10 07:17:46'),(4,54,'2019-06-21 11:59:31'),(4,88,'2019-10-15 14:04:18'),(4,92,'2019-07-13 10:22:56'),(4,100,'2019-04-15 09:41:42'),(5,31,'2019-11-03 17:19:42'),(5,48,'2019-05-06 09:33:23'),(5,50,'2019-03-13 19:47:47'),(5,94,'2019-12-14 22:18:46'),(5,96,'2019-03-06 04:10:28'),(6,2,'2019-01-08 01:56:01'),(6,12,'2019-07-27 21:08:38'),(6,56,'2019-10-16 03:55:05'),(6,72,'2019-03-29 04:09:31'),(6,83,'2019-10-29 09:02:18'),(6,94,'2019-05-31 08:42:54'),(7,47,'2019-08-01 16:27:36'),(7,56,'2019-09-05 08:09:15'),(8,5,'2019-08-22 15:23:28'),(8,10,'2019-03-03 04:29:34'),(8,56,'2019-12-02 00:17:26'),(8,69,'2019-02-01 11:58:23'),(9,7,'2019-09-05 10:59:36'),(9,11,'2019-02-17 19:02:51'),(9,27,'2019-08-15 14:15:24'),(9,31,'2019-09-17 14:08:26'),(9,74,'2019-09-11 03:55:55'),(9,93,'2019-05-03 01:14:15'),(10,26,'2019-08-04 18:23:28'),(10,32,'2019-12-14 16:14:35'),(11,15,'2019-12-28 02:02:28'),(11,53,'2019-02-02 09:28:33'),(11,54,'2019-06-23 17:15:21'),(11,75,'2019-02-11 09:51:06'),(11,76,'2019-02-20 21:29:24'),(11,100,'2019-05-11 05:53:41'),(12,2,'2019-05-14 13:00:10'),(12,10,'2019-10-04 23:19:49'),(12,22,'2019-09-12 05:38:30'),(12,45,'2019-03-17 06:13:02'),(13,56,'2019-12-10 14:09:37'),(13,75,'2019-02-02 04:09:01'),(14,36,'2019-08-14 02:16:11'),(14,54,'2019-10-26 22:53:50'),(14,64,'2019-03-31 11:40:37'),(14,85,'2019-10-08 13:41:34'),(14,92,'2019-02-09 09:25:55'),(15,25,'2019-03-27 06:04:53'),(15,45,'2019-11-05 02:06:38'),(15,85,'2019-07-09 16:18:32'),(15,86,'2019-01-25 03:12:41'),(16,16,'2019-10-09 15:07:49'),(16,28,'2019-08-29 18:01:01'),(16,30,'2019-12-25 20:41:38'),(16,61,'2019-12-09 01:25:04'),(16,71,'2019-09-26 17:00:26'),(16,93,'2019-11-14 08:46:55'),(17,11,'2019-02-20 16:53:18'),(17,20,'2019-02-01 10:05:42'),(17,40,'2019-01-05 23:48:36'),(17,49,'2019-10-23 16:45:52'),(17,52,'2019-01-04 12:23:30'),(17,83,'2019-08-14 11:39:55'),(17,98,'2019-01-22 21:09:00'),(18,26,'2019-06-12 22:45:15'),(18,28,'2019-01-20 02:19:12'),(18,58,'2019-12-03 15:20:15'),(18,65,'2019-06-15 21:43:37'),(19,18,'2019-07-04 14:37:20'),(19,71,'2019-03-02 07:55:49'),(19,75,'2019-04-23 19:47:00'),(19,86,'2019-01-19 03:07:35'),(20,1,'2019-04-28 04:16:51'),(20,6,'2019-06-16 12:01:29'),(20,25,'2019-04-26 23:16:51'),(20,28,'2019-03-22 08:19:48'),(20,37,'2019-02-23 19:48:23'),(20,68,'2019-01-29 02:02:31');
/*!40000 ALTER TABLE `communities_users` ENABLE KEYS */;
UNLOCK TABLES;

--
-- Table structure for table `friendship_statuses`
--

DROP TABLE IF EXISTS `friendship_statuses`;
/*!40101 SET @saved_cs_client     = @@character_set_client */;
/*!50503 SET character_set_client = utf8mb4 */;
CREATE TABLE `friendship_statuses` (
  `id` int unsigned NOT NULL AUTO_INCREMENT COMMENT 'Идентификатор строки',
  `name` varchar(150) CHARACTER SET utf8 COLLATE utf8_unicode_ci NOT NULL COMMENT 'Название статуса',
  `created_at` datetime DEFAULT CURRENT_TIMESTAMP COMMENT 'Время создания строки',
  `updated_at` datetime DEFAULT CURRENT_TIMESTAMP ON UPDATE CURRENT_TIMESTAMP COMMENT 'Время обновления строки',
  PRIMARY KEY (`id`),
  UNIQUE KEY `name` (`name`)
) ENGINE=InnoDB AUTO_INCREMENT=4 DEFAULT CHARSET=utf8 COLLATE=utf8_unicode_ci COMMENT='Статусы дружбы';
/*!40101 SET character_set_client = @saved_cs_client */;

--
-- Dumping data for table `friendship_statuses`
--

LOCK TABLES `friendship_statuses` WRITE;
/*!40000 ALTER TABLE `friendship_statuses` DISABLE KEYS */;
INSERT INTO `friendship_statuses` VALUES (1,'Requested','2020-09-11 11:59:36','2020-09-11 11:59:36'),(2,'Confirmed','2020-09-11 11:59:36','2020-09-11 11:59:36'),(3,'Rejected','2020-09-11 11:59:36','2020-09-11 11:59:36');
/*!40000 ALTER TABLE `friendship_statuses` ENABLE KEYS */;
UNLOCK TABLES;

--
-- Table structure for table `friendships`
--

DROP TABLE IF EXISTS `friendships`;
/*!40101 SET @saved_cs_client     = @@character_set_client */;
/*!50503 SET character_set_client = utf8mb4 */;
CREATE TABLE `friendships` (
  `user_id` int unsigned NOT NULL COMMENT 'Ссылка на инициатора дружеских отношений',
  `friend_id` int unsigned NOT NULL COMMENT 'Ссылка на получателя приглашения дружить',
  `status_id` int unsigned NOT NULL COMMENT 'Ссылка на статус (текущее состояние) отношений',
  `requested_at` datetime DEFAULT CURRENT_TIMESTAMP COMMENT 'Время отправления приглашения дружить',
  `confirmed_at` datetime DEFAULT NULL COMMENT 'Время подтверждения приглашения',
  `created_at` datetime DEFAULT CURRENT_TIMESTAMP COMMENT 'Время создания строки',
  `updated_at` datetime DEFAULT CURRENT_TIMESTAMP ON UPDATE CURRENT_TIMESTAMP COMMENT 'Время обновления строки',
  PRIMARY KEY (`user_id`,`friend_id`) COMMENT 'Составной первичный ключ'
) ENGINE=InnoDB DEFAULT CHARSET=utf8 COLLATE=utf8_unicode_ci COMMENT='Таблица дружбы';
/*!40101 SET character_set_client = @saved_cs_client */;

--
-- Dumping data for table `friendships`
--

LOCK TABLES `friendships` WRITE;
/*!40000 ALTER TABLE `friendships` DISABLE KEYS */;
INSERT INTO `friendships` VALUES (1,13,2,'2019-06-23 07:21:44','2019-07-11 22:45:17','2019-06-23 07:21:44','2019-07-11 22:45:17'),(4,55,2,'2019-04-03 21:19:44','2019-06-30 08:21:50','2019-04-03 21:19:44','2019-06-30 08:21:50'),(4,81,3,'2019-11-06 12:33:24','2019-08-12 20:51:46','2019-11-06 12:33:24','2019-08-12 20:51:46'),(5,69,1,'2019-06-23 22:47:45','2019-06-28 12:02:59','2019-06-23 22:47:45','2019-06-28 12:02:59'),(6,38,3,'2019-11-03 04:18:35','2019-08-09 21:39:36','2019-11-03 04:18:35','2019-08-09 21:39:36'),(8,93,2,'2019-10-07 01:09:39','2019-07-24 00:09:03','2019-10-07 01:09:39','2019-07-24 00:09:03'),(13,15,2,'2019-04-22 16:52:28','2019-05-17 09:06:58','2019-04-22 16:52:28','2019-05-17 09:06:58'),(13,24,3,'2019-03-28 08:53:21','2019-12-24 07:46:23','2019-03-28 08:53:21','2019-12-24 07:46:23'),(14,7,3,'2019-04-07 17:49:18','2019-11-20 06:59:01','2019-04-07 17:49:18','2019-11-20 06:59:01'),(15,30,1,'2019-08-13 14:26:25','2019-03-21 14:24:45','2019-08-13 14:26:25','2019-03-21 14:24:45'),(18,32,1,'2019-04-13 18:44:12','2019-06-20 02:38:14','2019-04-13 18:44:12','2019-06-20 02:38:14'),(19,5,3,'2019-07-25 02:21:41','2019-02-26 00:44:37','2019-07-25 02:21:41','2019-02-26 00:44:37'),(19,17,1,'2019-12-19 03:35:50','2019-02-11 08:28:46','2019-12-19 03:35:50','2019-02-11 08:28:46'),(19,28,3,'2019-02-20 10:54:05','2019-04-01 15:57:02','2019-02-20 10:54:05','2019-04-01 15:57:02'),(19,54,1,'2019-10-18 19:42:52','2019-02-08 16:09:57','2019-10-18 19:42:52','2019-02-08 16:09:57'),(19,57,1,'2019-07-27 17:52:05','2019-03-11 07:23:28','2019-07-27 17:52:05','2019-03-11 07:23:28'),(20,66,3,'2019-06-16 06:11:47','2019-08-19 12:27:28','2019-06-16 06:11:47','2019-08-19 12:27:28'),(20,76,1,'2019-07-28 01:22:39','2019-10-21 05:35:15','2019-07-28 01:22:39','2019-10-21 05:35:15'),(21,85,2,'2019-06-26 12:17:51','2019-08-03 16:06:53','2019-06-26 12:17:51','2019-08-03 16:06:53'),(24,31,3,'2019-09-16 09:21:17','2019-01-17 19:12:00','2019-09-16 09:21:17','2019-01-17 19:12:00'),(26,82,1,'2019-02-02 09:52:53','2019-04-19 20:53:42','2019-02-02 09:52:53','2019-04-19 20:53:42'),(26,97,1,'2019-04-27 21:20:30','2019-06-10 00:27:39','2019-04-27 21:20:30','2019-06-10 00:27:39'),(28,33,3,'2019-05-03 05:03:52','2019-06-19 23:39:21','2019-05-03 05:03:52','2019-06-19 23:39:21'),(28,59,1,'2019-09-18 09:17:45','2019-03-11 12:40:44','2019-09-18 09:17:45','2019-03-11 12:40:44'),(28,68,2,'2019-07-25 07:17:11','2019-12-18 08:42:04','2019-07-25 07:17:11','2019-12-18 08:42:04'),(29,2,1,'2019-09-03 08:32:38','2019-07-22 16:25:34','2019-09-03 08:32:38','2019-07-22 16:25:34'),(29,32,3,'2019-09-03 20:51:33','2019-03-16 20:05:38','2019-09-03 20:51:33','2019-03-16 20:05:38'),(34,80,3,'2019-05-09 06:39:51','2019-05-12 03:11:27','2019-05-09 06:39:51','2019-05-12 03:11:27'),(35,25,1,'2019-09-26 18:44:36','2019-03-08 03:40:18','2019-09-26 18:44:36','2019-03-08 03:40:18'),(36,4,1,'2019-08-18 01:43:24','2019-10-30 08:47:06','2019-08-18 01:43:24','2019-10-30 08:47:06'),(37,85,1,'2019-12-06 00:23:10','2019-08-07 08:54:38','2019-12-06 00:23:10','2019-08-07 08:54:38'),(38,10,2,'2019-10-05 20:45:36','2019-10-26 15:43:04','2019-10-05 20:45:36','2019-10-26 15:43:04'),(38,82,3,'2019-01-08 06:38:28','2019-04-28 10:46:16','2019-01-08 06:38:28','2019-04-28 10:46:16'),(39,75,2,'2019-10-25 18:55:30','2019-07-04 18:11:49','2019-10-25 18:55:30','2019-07-04 18:11:49'),(40,73,2,'2019-01-08 02:42:05','2019-10-22 01:11:55','2019-01-08 02:42:05','2019-10-22 01:11:55'),(43,30,1,'2019-08-26 04:43:56','2019-09-26 16:15:09','2019-08-26 04:43:56','2019-09-26 16:15:09'),(43,75,2,'2019-03-11 15:33:22','2019-05-30 21:49:46','2019-03-11 15:33:22','2019-05-30 21:49:46'),(44,86,3,'2019-01-02 15:35:00','2019-05-11 07:29:29','2019-01-02 15:35:00','2019-05-11 07:29:29'),(44,99,2,'2019-06-14 07:14:51','2019-07-21 19:58:08','2019-06-14 07:14:51','2019-07-21 19:58:08'),(45,11,1,'2019-03-28 13:29:17','2019-09-11 05:22:08','2019-03-28 13:29:17','2019-09-11 05:22:08'),(47,3,3,'2019-11-01 21:41:49','2019-03-01 02:40:18','2019-11-01 21:41:49','2019-03-01 02:40:18'),(47,20,2,'2019-06-19 20:01:12','2019-12-20 10:34:53','2019-06-19 20:01:12','2019-12-20 10:34:53'),(47,26,3,'2019-10-27 11:00:33','2019-08-08 12:36:00','2019-10-27 11:00:33','2019-08-08 12:36:00'),(47,38,2,'2019-09-15 18:59:06','2019-07-10 06:59:04','2019-09-15 18:59:06','2019-07-10 06:59:04'),(48,15,1,'2019-01-26 13:53:51','2019-07-15 19:20:19','2019-01-26 13:53:51','2019-07-15 19:20:19'),(48,28,3,'2019-03-26 12:31:54','2019-10-20 21:07:21','2019-03-26 12:31:54','2019-10-20 21:07:21'),(50,1,2,'2019-12-12 20:57:56','2019-06-13 12:39:29','2019-12-12 20:57:56','2019-06-13 12:39:29'),(50,53,1,'2019-01-16 19:13:59','2019-10-09 13:22:19','2019-01-16 19:13:59','2019-10-09 13:22:19'),(50,64,3,'2019-05-17 09:16:02','2019-05-26 23:05:54','2019-05-17 09:16:02','2019-05-26 23:05:54'),(52,12,1,'2019-09-27 12:38:14','2019-10-31 23:55:22','2019-09-27 12:38:14','2019-10-31 23:55:22'),(52,65,2,'2019-07-28 11:23:02','2019-10-27 09:38:20','2019-07-28 11:23:02','2019-10-27 09:38:20'),(52,78,2,'2019-08-22 19:00:26','2019-08-09 00:25:32','2019-08-22 19:00:26','2019-08-09 00:25:32'),(52,84,2,'2019-06-28 12:53:01','2019-09-17 20:13:28','2019-06-28 12:53:01','2019-09-17 20:13:28'),(53,68,3,'2019-07-11 07:23:45','2019-07-21 21:12:38','2019-07-11 07:23:45','2019-07-21 21:12:38'),(54,12,3,'2019-02-25 22:19:42','2019-06-26 15:59:43','2019-02-25 22:19:42','2019-06-26 15:59:43'),(54,76,1,'2019-03-12 17:27:15','2019-06-13 14:46:28','2019-03-12 17:27:15','2019-06-13 14:46:28'),(55,61,2,'2019-07-05 20:17:05','2019-10-16 01:53:10','2019-07-05 20:17:05','2019-10-16 01:53:10'),(55,97,1,'2019-12-19 01:03:41','2019-12-16 08:46:36','2019-12-19 01:03:41','2019-12-16 08:46:36'),(60,85,2,'2019-04-18 16:27:09','2019-08-22 11:52:23','2019-04-18 16:27:09','2019-08-22 11:52:23'),(61,19,1,'2019-08-01 07:04:40','2019-02-16 04:15:01','2019-08-01 07:04:40','2019-02-16 04:15:01'),(63,53,3,'2019-01-09 10:01:50','2019-01-19 16:36:39','2019-01-09 10:01:50','2019-01-19 16:36:39'),(64,69,2,'2019-05-16 04:55:10','2019-10-05 18:55:16','2019-05-16 04:55:10','2019-10-05 18:55:16'),(65,42,1,'2019-10-13 18:30:20','2019-06-05 09:51:16','2019-10-13 18:30:20','2019-06-05 09:51:16'),(66,97,3,'2019-10-21 05:46:07','2019-11-09 14:57:54','2019-10-21 05:46:07','2019-11-09 14:57:54'),(68,5,1,'2019-09-01 21:19:34','2019-11-05 16:30:30','2019-09-01 21:19:34','2019-11-05 16:30:30'),(68,12,2,'2019-12-06 17:19:27','2019-12-14 04:58:42','2019-12-06 17:19:27','2019-12-14 04:58:42'),(68,24,1,'2019-08-25 22:38:33','2019-03-21 23:21:56','2019-08-25 22:38:33','2019-03-21 23:21:56'),(68,54,3,'2019-06-15 13:14:22','2019-11-11 05:06:59','2019-06-15 13:14:22','2019-11-11 05:06:59'),(68,73,2,'2019-04-27 22:16:08','2019-11-22 11:32:27','2019-04-27 22:16:08','2019-11-22 11:32:27'),(68,80,3,'2019-03-29 23:37:35','2019-11-16 18:21:16','2019-03-29 23:37:35','2019-11-16 18:21:16'),(69,81,3,'2019-03-31 03:19:27','2019-09-15 09:08:59','2019-03-31 03:19:27','2019-09-15 09:08:59'),(70,20,3,'2019-07-01 17:44:27','2019-11-24 14:41:04','2019-07-01 17:44:27','2019-11-24 14:41:04'),(70,53,2,'2019-10-04 06:43:56','2019-03-30 05:53:35','2019-10-04 06:43:56','2019-03-30 05:53:35'),(71,52,2,'2019-04-17 04:26:18','2019-07-21 07:22:05','2019-04-17 04:26:18','2019-07-21 07:22:05'),(72,2,3,'2019-03-09 01:59:39','2019-09-23 23:08:05','2019-03-09 01:59:39','2019-09-23 23:08:05'),(72,81,3,'2019-01-17 20:39:18','2019-02-19 14:14:25','2019-01-17 20:39:18','2019-02-19 14:14:25'),(73,64,3,'2019-09-06 01:17:35','2019-01-12 19:09:36','2019-09-06 01:17:35','2019-01-12 19:09:36'),(76,40,3,'2019-04-05 16:29:57','2019-07-05 01:41:47','2019-04-05 16:29:57','2019-07-05 01:41:47'),(78,94,1,'2019-04-05 06:36:59','2019-10-25 17:55:51','2019-04-05 06:36:59','2019-10-25 17:55:51'),(80,20,2,'2019-07-07 07:35:01','2019-11-25 22:51:35','2019-07-07 07:35:01','2019-11-25 22:51:35'),(80,93,1,'2019-10-16 18:04:07','2019-06-09 23:00:04','2019-10-16 18:04:07','2019-06-09 23:00:04'),(81,48,3,'2019-06-01 19:35:31','2019-08-04 17:57:04','2019-06-01 19:35:31','2019-08-04 17:57:04'),(84,19,2,'2019-09-15 19:45:11','2019-10-12 04:14:10','2019-09-15 19:45:11','2019-10-12 04:14:10'),(84,74,1,'2019-04-14 15:59:21','2019-09-02 13:54:58','2019-04-14 15:59:21','2019-09-02 13:54:58'),(86,84,2,'2019-04-20 20:41:10','2019-01-14 00:34:38','2019-04-20 20:41:10','2019-01-14 00:34:38'),(87,9,3,'2019-08-27 07:27:45','2019-12-14 09:39:20','2019-08-27 07:27:45','2019-12-14 09:39:20'),(87,95,1,'2019-05-12 23:15:13','2019-12-22 00:29:43','2019-05-12 23:15:13','2019-12-22 00:29:43'),(89,81,2,'2019-11-06 21:52:47','2019-03-03 09:08:15','2019-11-06 21:52:47','2019-03-03 09:08:15'),(91,23,2,'2019-02-28 15:38:18','2019-09-25 19:57:17','2019-02-28 15:38:18','2019-09-25 19:57:17'),(93,76,1,'2019-04-04 12:33:05','2019-08-02 09:45:16','2019-04-04 12:33:05','2019-08-02 09:45:16'),(93,90,3,'2019-10-19 15:50:31','2019-03-02 00:21:37','2019-10-19 15:50:31','2019-03-02 00:21:37'),(94,49,2,'2019-03-24 17:33:17','2019-08-15 13:56:16','2019-03-24 17:33:17','2019-08-15 13:56:16'),(95,33,3,'2019-09-26 16:14:51','2019-08-11 20:36:27','2019-09-26 16:14:51','2019-08-11 20:36:27'),(96,38,1,'2019-01-01 04:34:25','2019-06-13 19:33:21','2019-01-01 04:34:25','2019-06-13 19:33:21'),(96,48,2,'2019-10-17 22:07:28','2019-03-11 13:13:24','2019-10-17 22:07:28','2019-03-11 13:13:24'),(97,100,1,'2019-12-21 00:54:03','2019-02-14 04:17:38','2019-12-21 00:54:03','2019-02-14 04:17:38'),(99,30,2,'2019-06-20 10:07:51','2019-10-31 06:08:06','2019-06-20 10:07:51','2019-10-31 06:08:06'),(99,49,2,'2019-06-04 23:57:06','2019-08-01 13:23:59','2019-06-04 23:57:06','2019-08-01 13:23:59'),(100,4,1,'2019-09-21 17:21:54','2019-01-13 05:47:57','2019-09-21 17:21:54','2019-01-13 05:47:57'),(100,69,2,'2019-05-04 14:58:12','2019-05-08 10:46:03','2019-05-04 14:58:12','2019-05-08 10:46:03');
/*!40000 ALTER TABLE `friendships` ENABLE KEYS */;
UNLOCK TABLES;

--
-- Table structure for table `media`
--

DROP TABLE IF EXISTS `media`;
/*!40101 SET @saved_cs_client     = @@character_set_client */;
/*!50503 SET character_set_client = utf8mb4 */;
CREATE TABLE `media` (
  `id` int unsigned NOT NULL AUTO_INCREMENT COMMENT 'Идентификатор строки',
  `user_id` int unsigned NOT NULL COMMENT 'Ссылка на пользователя, который загрузил файл',
  `filename` varchar(255) CHARACTER SET utf8 COLLATE utf8_unicode_ci NOT NULL COMMENT 'Путь к файлу',
  `size` int NOT NULL COMMENT 'Размер файла',
  `metadata` json DEFAULT NULL,
  `media_type_id` int unsigned NOT NULL COMMENT 'Ссылка на тип контента',
  `created_at` datetime DEFAULT CURRENT_TIMESTAMP COMMENT 'Время создания строки',
  `updated_at` datetime DEFAULT CURRENT_TIMESTAMP ON UPDATE CURRENT_TIMESTAMP COMMENT 'Время обновления строки',
  PRIMARY KEY (`id`),
  CONSTRAINT `media_chk_1` CHECK (json_valid(`metadata`))
) ENGINE=InnoDB AUTO_INCREMENT=101 DEFAULT CHARSET=utf8 COLLATE=utf8_unicode_ci COMMENT='Медиафайлы';
/*!40101 SET character_set_client = @saved_cs_client */;

--
-- Dumping data for table `media`
--

LOCK TABLES `media` WRITE;
/*!40000 ALTER TABLE `media` DISABLE KEYS */;
INSERT INTO `media` VALUES (1,80,'https://dropbox/vk/ropbo.mpeg',581367,'{\"owner\": \"Emmalee Cremin\"}',1,'2019-06-08 01:57:47','2020-09-11 11:47:18'),(2,48,'https://dropbox/vk/ropbo.jpeg',3168578,'{\"owner\": \"Corine Keeling\"}',1,'2019-08-16 03:34:16','2020-09-11 11:51:03'),(3,100,'https://dropbox/vk/ropbo.mpeg',4604944,'{\"owner\": \"Juanita Fahey\"}',2,'2019-10-24 11:58:00','2020-09-11 11:51:03'),(4,54,'https://dropbox/vk/ropbo.avi',928396,'{\"owner\": \"Quinten Davis\"}',3,'2019-03-13 01:07:09','2020-09-11 11:51:03'),(5,71,'https://dropbox/vk/ropbo.jpeg',3508990,'{\"owner\": \"Lois Bosco\"}',2,'2019-07-15 17:41:44','2020-09-11 11:51:03'),(6,90,'https://dropbox/vk/ropbo.avi',3720116,'{\"owner\": \"Hector Lehner\"}',2,'2019-02-05 13:07:10','2020-09-11 11:51:03'),(7,38,'https://dropbox/vk/ropbo.jpeg',8063613,'{\"owner\": \"Joe Johns\"}',3,'2019-11-17 12:30:38','2020-09-11 11:51:03'),(8,21,'https://dropbox/vk/ropbo.png',28116475,'{\"owner\": \"Hayden Gottlieb\"}',3,'2019-02-05 23:11:39','2020-09-11 11:51:03'),(9,91,'https://dropbox/vk/ropbo.jpeg',3412786,'{\"owner\": \"Amelie McLaughlin\"}',3,'2019-11-10 06:26:19','2020-09-11 11:51:03'),(10,89,'https://dropbox/vk/ropbo.jpeg',9147716,'{\"owner\": \"Larissa Brown\"}',2,'2019-12-30 10:36:38','2020-09-11 11:51:03'),(11,71,'https://dropbox/vk/ropbo.png',87695,'{\"owner\": \"Lois Bosco\"}',1,'2019-05-28 09:44:11','2020-09-11 11:51:03'),(12,88,'https://dropbox/vk/ropbo.avi',1537740,'{\"owner\": \"Rosalinda Klocko\"}',1,'2019-01-12 16:50:59','2020-09-11 11:51:03'),(13,28,'https://dropbox/vk/ropbo.jpeg',235557,'{\"owner\": \"Ludwig Steuber\"}',1,'2019-12-13 07:02:21','2020-09-11 11:51:03'),(14,73,'https://dropbox/vk/ropbo.png',8254,'{\"owner\": \"Ruben Erdman\"}',1,'2019-08-25 08:38:45','2020-09-11 11:51:03'),(15,80,'https://dropbox/vk/ropbo.jpeg',1115231,'{\"owner\": \"Emmalee Cremin\"}',2,'2019-05-23 22:06:41','2020-09-11 11:51:03'),(16,81,'https://dropbox/vk/ropbo.avi',85022396,'{\"owner\": \"Aurore Schiller\"}',1,'2019-01-06 12:37:07','2020-09-11 11:51:03'),(17,67,'https://dropbox/vk/ropbo.jpeg',8263,'{\"owner\": \"Lesley McCullough\"}',3,'2019-11-25 20:45:34','2020-09-11 11:51:03'),(18,88,'https://dropbox/vk/ropbo.jpeg',6554562,'{\"owner\": \"Rosalinda Klocko\"}',2,'2019-06-17 17:56:26','2020-09-11 11:51:03'),(19,41,'https://dropbox/vk/ropbo.png',42082,'{\"owner\": \"Elissa Rosenbaum\"}',3,'2019-08-06 03:25:25','2020-09-11 11:51:03'),(20,40,'https://dropbox/vk/ropbo.png',2861598,'{\"owner\": \"Queen Spinka\"}',2,'2019-08-06 11:17:45','2020-09-11 11:51:03'),(21,75,'https://dropbox/vk/ropbo.avi',2056142,'{\"owner\": \"Eddie Rogahn\"}',1,'2019-03-12 22:12:31','2020-09-11 11:51:03'),(22,54,'https://dropbox/vk/ropbo.avi',607026,'{\"owner\": \"Quinten Davis\"}',3,'2019-03-09 05:09:18','2020-09-11 11:51:03'),(23,47,'https://dropbox/vk/ropbo.jpeg',53647522,'{\"owner\": \"Janet Ziemann\"}',1,'2019-05-04 07:08:54','2020-09-11 11:51:03'),(24,72,'https://dropbox/vk/ropbo.avi',99876,'{\"owner\": \"Palma Williamson\"}',2,'2019-02-19 20:16:35','2020-09-11 11:51:03'),(25,18,'https://dropbox/vk/ropbo.jpeg',11731180,'{\"owner\": \"Garnett Ortiz\"}',1,'2019-09-02 07:56:10','2020-09-11 11:51:03'),(26,72,'https://dropbox/vk/ropbo.mpeg',94742,'{\"owner\": \"Palma Williamson\"}',3,'2019-12-09 02:51:06','2020-09-11 11:51:03'),(27,4,'https://dropbox/vk/ropbo.jpeg',5067875,'{\"owner\": \"Kavon Hilpert\"}',3,'2019-09-05 14:26:56','2020-09-11 11:51:03'),(28,7,'https://dropbox/vk/ropbo.avi',77822,'{\"owner\": \"Evans McLaughlin\"}',3,'2019-07-31 15:41:22','2020-09-11 11:51:03'),(29,23,'https://dropbox/vk/ropbo.jpeg',107768174,'{\"owner\": \"Cathryn Willms\"}',2,'2019-11-12 11:06:01','2020-09-11 11:51:03'),(30,93,'https://dropbox/vk/ropbo.jpeg',43206,'{\"owner\": \"Jada Senger\"}',3,'2019-08-01 08:25:58','2020-09-11 11:51:03'),(31,93,'https://dropbox/vk/ropbo.mpeg',1943,'{\"owner\": \"Jada Senger\"}',1,'2019-04-26 08:51:45','2020-09-11 11:51:03'),(32,89,'https://dropbox/vk/ropbo.png',715787840,'{\"owner\": \"Larissa Brown\"}',2,'2019-11-01 19:00:49','2020-09-11 11:51:03'),(33,64,'https://dropbox/vk/ropbo.jpeg',8831307,'{\"owner\": \"Felipa Wolf\"}',2,'2019-03-24 20:28:51','2020-09-11 11:51:03'),(34,52,'https://dropbox/vk/ropbo.jpeg',8492,'{\"owner\": \"Lulu Tillman\"}',2,'2019-08-18 21:21:45','2020-09-11 11:51:03'),(35,70,'https://dropbox/vk/ropbo.avi',6856702,'{\"owner\": \"Lyla Ledner\"}',2,'2019-06-20 21:22:08','2020-09-11 11:51:03'),(36,91,'https://dropbox/vk/ropbo.jpeg',6316057,'{\"owner\": \"Amelie McLaughlin\"}',3,'2019-06-14 18:45:27','2020-09-11 11:51:03'),(37,47,'https://dropbox/vk/ropbo.jpeg',2452435,'{\"owner\": \"Janet Ziemann\"}',2,'2019-11-08 05:40:50','2020-09-11 11:51:03'),(38,61,'https://dropbox/vk/ropbo.mpeg',6960992,'{\"owner\": \"Hollis Wolf\"}',3,'2019-11-28 20:07:46','2020-09-11 11:51:03'),(39,62,'https://dropbox/vk/ropbo.avi',1682070,'{\"owner\": \"Diana Jones\"}',3,'2019-12-27 11:36:18','2020-09-11 11:51:03'),(40,27,'https://dropbox/vk/ropbo.mpeg',664788170,'{\"owner\": \"Giuseppe Simonis\"}',1,'2019-03-18 21:38:13','2020-09-11 11:51:03'),(41,48,'https://dropbox/vk/ropbo.avi',96631044,'{\"owner\": \"Corine Keeling\"}',1,'2019-02-03 01:22:09','2020-09-11 11:51:03'),(42,59,'https://dropbox/vk/ropbo.mpeg',243544,'{\"owner\": \"Maximo Ruecker\"}',3,'2019-10-27 13:56:03','2020-09-11 11:51:03'),(43,51,'https://dropbox/vk/ropbo.png',254362270,'{\"owner\": \"Koby Kessler\"}',2,'2019-10-31 17:33:49','2020-09-11 11:51:03'),(44,76,'https://dropbox/vk/ropbo.jpeg',1043043,'{\"owner\": \"Hilario Homenick\"}',3,'2019-09-12 22:00:52','2020-09-11 11:51:03'),(45,29,'https://dropbox/vk/ropbo.avi',4500734,'{\"owner\": \"Ernest Bins\"}',1,'2019-12-30 09:22:51','2020-09-11 11:51:03'),(46,13,'https://dropbox/vk/ropbo.jpeg',671756,'{\"owner\": \"Alta Grimes\"}',3,'2019-11-19 04:51:40','2020-09-11 11:51:03'),(47,80,'https://dropbox/vk/ropbo.png',159008,'{\"owner\": \"Emmalee Cremin\"}',1,'2019-06-05 20:09:44','2020-09-11 11:51:03'),(48,62,'https://dropbox/vk/ropbo.png',167411548,'{\"owner\": \"Diana Jones\"}',1,'2019-06-27 14:13:38','2020-09-11 11:51:03'),(49,67,'https://dropbox/vk/ropbo.jpeg',7655913,'{\"owner\": \"Lesley McCullough\"}',3,'2019-02-25 10:38:58','2020-09-11 11:51:03'),(50,47,'https://dropbox/vk/ropbo.avi',7792540,'{\"owner\": \"Janet Ziemann\"}',1,'2019-04-20 10:33:54','2020-09-11 11:51:03'),(51,35,'https://dropbox/vk/ropbo.jpeg',2656,'{\"owner\": \"Marilou Walker\"}',2,'2019-01-16 20:52:34','2020-09-11 11:51:03'),(52,35,'https://dropbox/vk/ropbo.mpeg',5984962,'{\"owner\": \"Marilou Walker\"}',2,'2019-04-27 00:41:07','2020-09-11 11:51:03'),(53,68,'https://dropbox/vk/ropbo.avi',6537189,'{\"owner\": \"Jennifer Cole\"}',1,'2019-06-17 12:47:52','2020-09-11 11:51:03'),(54,35,'https://dropbox/vk/ropbo.png',4721061,'{\"owner\": \"Marilou Walker\"}',3,'2019-05-05 13:55:58','2020-09-11 11:51:03'),(55,69,'https://dropbox/vk/ropbo.png',1430909,'{\"owner\": \"Shanna Kohler\"}',3,'2019-05-01 07:16:13','2020-09-11 11:51:03'),(56,41,'https://dropbox/vk/ropbo.png',3983741,'{\"owner\": \"Elissa Rosenbaum\"}',3,'2019-08-16 18:33:11','2020-09-11 11:51:03'),(57,99,'https://dropbox/vk/ropbo.png',5745522,'{\"owner\": \"Theo Botsford\"}',3,'2019-02-17 22:57:12','2020-09-11 11:51:03'),(58,70,'https://dropbox/vk/ropbo.jpeg',92481,'{\"owner\": \"Lyla Ledner\"}',2,'2019-10-14 11:06:25','2020-09-11 11:51:03'),(59,51,'https://dropbox/vk/ropbo.png',24357,'{\"owner\": \"Koby Kessler\"}',1,'2019-07-13 10:40:27','2020-09-11 11:51:03'),(60,46,'https://dropbox/vk/ropbo.mpeg',3316,'{\"owner\": \"Edythe Parisian\"}',2,'2019-04-18 20:02:58','2020-09-11 11:51:03'),(61,76,'https://dropbox/vk/ropbo.avi',6766386,'{\"owner\": \"Hilario Homenick\"}',1,'2019-11-20 20:13:29','2020-09-11 11:51:03'),(62,40,'https://dropbox/vk/ropbo.avi',6585367,'{\"owner\": \"Queen Spinka\"}',3,'2019-07-20 16:58:31','2020-09-11 11:51:03'),(63,74,'https://dropbox/vk/ropbo.mpeg',2617678,'{\"owner\": \"Zachariah Hagenes\"}',2,'2019-02-02 00:12:04','2020-09-11 11:51:03'),(64,49,'https://dropbox/vk/ropbo.mpeg',473557381,'{\"owner\": \"Mathew Wisoky\"}',1,'2019-10-15 22:04:48','2020-09-11 11:51:03'),(65,22,'https://dropbox/vk/ropbo.png',9967759,'{\"owner\": \"Chelsey Larson\"}',2,'2019-09-06 13:47:46','2020-09-11 11:51:03'),(66,64,'https://dropbox/vk/ropbo.jpeg',8939585,'{\"owner\": \"Felipa Wolf\"}',1,'2019-01-15 02:44:25','2020-09-11 11:51:03'),(67,54,'https://dropbox/vk/ropbo.png',3322289,'{\"owner\": \"Quinten Davis\"}',1,'2019-02-24 20:18:45','2020-09-11 11:51:03'),(68,78,'https://dropbox/vk/ropbo.png',716468849,'{\"owner\": \"Bryon Nikolaus\"}',3,'2019-08-20 21:20:28','2020-09-11 11:51:03'),(69,26,'https://dropbox/vk/ropbo.mpeg',8748413,'{\"owner\": \"Cooper Douglas\"}',2,'2019-09-22 21:46:03','2020-09-11 11:51:03'),(70,94,'https://dropbox/vk/ropbo.jpeg',34877240,'{\"owner\": \"Abagail Howe\"}',2,'2019-09-21 20:48:51','2020-09-11 11:51:03'),(71,94,'https://dropbox/vk/ropbo.jpeg',3765198,'{\"owner\": \"Abagail Howe\"}',1,'2019-06-09 14:46:03','2020-09-11 11:51:03'),(72,86,'https://dropbox/vk/ropbo.jpeg',271002277,'{\"owner\": \"Estefania Schamberger\"}',2,'2019-01-07 11:23:43','2020-09-11 11:51:03'),(73,48,'https://dropbox/vk/ropbo.jpeg',6600,'{\"owner\": \"Corine Keeling\"}',2,'2019-10-11 12:40:22','2020-09-11 11:51:03'),(74,83,'https://dropbox/vk/ropbo.mpeg',2570750,'{\"owner\": \"Tristian Wyman\"}',1,'2019-10-31 05:10:39','2020-09-11 11:51:03'),(75,71,'https://dropbox/vk/ropbo.mpeg',9643588,'{\"owner\": \"Lois Bosco\"}',3,'2019-10-28 11:52:10','2020-09-11 11:51:03'),(76,3,'https://dropbox/vk/ropbo.png',104659,'{\"owner\": \"Rusty Homenick\"}',2,'2019-08-16 19:48:51','2020-09-11 11:51:03'),(77,4,'https://dropbox/vk/ropbo.mpeg',328761,'{\"owner\": \"Kavon Hilpert\"}',3,'2019-08-26 15:27:41','2020-09-11 11:51:03'),(78,11,'https://dropbox/vk/ropbo.mpeg',48620,'{\"owner\": \"Nadia Dibbert\"}',1,'2019-05-20 17:51:54','2020-09-11 11:51:03'),(79,40,'https://dropbox/vk/ropbo.mpeg',1548159,'{\"owner\": \"Queen Spinka\"}',1,'2019-12-17 18:56:23','2020-09-11 11:51:03'),(80,69,'https://dropbox/vk/ropbo.mpeg',81056,'{\"owner\": \"Shanna Kohler\"}',3,'2019-08-28 17:06:11','2020-09-11 11:51:03'),(81,22,'https://dropbox/vk/ropbo.png',18546,'{\"owner\": \"Chelsey Larson\"}',2,'2019-05-27 04:41:46','2020-09-11 11:51:03'),(82,3,'https://dropbox/vk/ropbo.avi',5438255,'{\"owner\": \"Rusty Homenick\"}',3,'2019-01-12 20:10:14','2020-09-11 11:51:03'),(83,49,'https://dropbox/vk/ropbo.png',59098963,'{\"owner\": \"Mathew Wisoky\"}',2,'2019-12-17 14:45:50','2020-09-11 11:51:03'),(84,36,'https://dropbox/vk/ropbo.png',770908,'{\"owner\": \"Tyreek Cummerata\"}',3,'2019-09-15 13:18:27','2020-09-11 11:51:03'),(85,34,'https://dropbox/vk/ropbo.png',7125635,'{\"owner\": \"Blaze Huel\"}',2,'2019-08-24 22:14:44','2020-09-11 11:51:03'),(86,61,'https://dropbox/vk/ropbo.png',64222,'{\"owner\": \"Hollis Wolf\"}',1,'2019-02-11 23:18:17','2020-09-11 11:51:03'),(87,2,'https://dropbox/vk/ropbo.avi',70882,'{\"owner\": \"Mariam Kulas\"}',1,'2019-08-21 01:47:10','2020-09-11 11:51:03'),(88,26,'https://dropbox/vk/ropbo.mpeg',4078,'{\"owner\": \"Cooper Douglas\"}',2,'2019-11-01 11:00:58','2020-09-11 11:51:03'),(89,22,'https://dropbox/vk/ropbo.jpeg',33677266,'{\"owner\": \"Chelsey Larson\"}',2,'2019-04-07 01:43:21','2020-09-11 11:51:03'),(90,31,'https://dropbox/vk/ropbo.png',7224551,'{\"owner\": \"Carmela Bahringer\"}',3,'2019-10-24 23:33:49','2020-09-11 11:51:03'),(91,92,'https://dropbox/vk/ropbo.mpeg',51513249,'{\"owner\": \"Liam Leannon\"}',1,'2019-04-12 16:38:58','2020-09-11 11:51:03'),(92,63,'https://dropbox/vk/ropbo.avi',107195329,'{\"owner\": \"Alphonso Ryan\"}',1,'2019-12-14 12:33:24','2020-09-11 11:51:03'),(93,42,'https://dropbox/vk/ropbo.mpeg',9303413,'{\"owner\": \"Ricky Hodkiewicz\"}',1,'2019-12-04 12:50:06','2020-09-11 11:51:03'),(94,17,'https://dropbox/vk/ropbo.mpeg',355059,'{\"owner\": \"Kayley Eichmann\"}',2,'2019-10-08 02:30:13','2020-09-11 11:51:03'),(95,60,'https://dropbox/vk/ropbo.jpeg',5633922,'{\"owner\": \"Garrett Pagac\"}',1,'2019-01-23 22:00:47','2020-09-11 11:51:03'),(96,50,'https://dropbox/vk/ropbo.jpeg',243717,'{\"owner\": \"Chelsea Mraz\"}',3,'2019-01-05 06:33:13','2020-09-11 11:51:03'),(97,68,'https://dropbox/vk/ropbo.mpeg',551270,'{\"owner\": \"Jennifer Cole\"}',2,'2019-11-14 14:43:43','2020-09-11 11:51:03'),(98,91,'https://dropbox/vk/ropbo.mpeg',5130159,'{\"owner\": \"Amelie McLaughlin\"}',3,'2019-04-26 05:58:56','2020-09-11 11:51:03'),(99,51,'https://dropbox/vk/ropbo.jpeg',36296,'{\"owner\": \"Koby Kessler\"}',3,'2019-12-20 09:43:27','2020-09-11 11:51:03'),(100,82,'https://dropbox/vk/ropbo.avi',7730559,'{\"owner\": \"Leslie Franecki\"}',3,'2019-11-23 06:40:26','2020-09-11 11:51:03');
/*!40000 ALTER TABLE `media` ENABLE KEYS */;
UNLOCK TABLES;

--
-- Table structure for table `media_types`
--

DROP TABLE IF EXISTS `media_types`;
/*!40101 SET @saved_cs_client     = @@character_set_client */;
/*!50503 SET character_set_client = utf8mb4 */;
CREATE TABLE `media_types` (
  `id` int unsigned NOT NULL AUTO_INCREMENT COMMENT 'Идентификатор строки',
  `name` varchar(255) CHARACTER SET utf8 COLLATE utf8_unicode_ci NOT NULL COMMENT 'Название типа',
  `created_at` datetime DEFAULT CURRENT_TIMESTAMP COMMENT 'Время создания строки',
  `updated_at` datetime DEFAULT CURRENT_TIMESTAMP ON UPDATE CURRENT_TIMESTAMP COMMENT 'Время обновления строки',
  PRIMARY KEY (`id`),
  UNIQUE KEY `name` (`name`)
) ENGINE=InnoDB AUTO_INCREMENT=4 DEFAULT CHARSET=utf8 COLLATE=utf8_unicode_ci COMMENT='Типы медиафайлов';
/*!40101 SET character_set_client = @saved_cs_client */;

--
-- Dumping data for table `media_types`
--

LOCK TABLES `media_types` WRITE;
/*!40000 ALTER TABLE `media_types` DISABLE KEYS */;
INSERT INTO `media_types` VALUES (1,'image','2019-01-01 23:50:26','2020-01-10 10:53:26'),(2,'video','2019-12-28 09:07:22','2020-01-05 10:40:54'),(3,'audio','2019-12-10 22:05:32','2020-01-31 08:44:10');
/*!40000 ALTER TABLE `media_types` ENABLE KEYS */;
UNLOCK TABLES;

--
-- Table structure for table `messages`
--

DROP TABLE IF EXISTS `messages`;
/*!40101 SET @saved_cs_client     = @@character_set_client */;
/*!50503 SET character_set_client = utf8mb4 */;
CREATE TABLE `messages` (
  `id` int unsigned NOT NULL AUTO_INCREMENT COMMENT 'Идентификатор строки',
  `from_user_id` int unsigned NOT NULL COMMENT 'Ссылка на отправителя сообщения',
  `to_user_id` int unsigned NOT NULL COMMENT 'Ссылка на получателя сообщения',
  `body` text CHARACTER SET utf8 COLLATE utf8_unicode_ci NOT NULL COMMENT 'Текст сообщения',
  `is_important` tinyint(1) DEFAULT NULL COMMENT 'Признак важности',
  `is_delivered` tinyint(1) DEFAULT NULL COMMENT 'Признак доставки',
  `created_at` datetime DEFAULT CURRENT_TIMESTAMP COMMENT 'Время создания строки',
  `updated_at` datetime DEFAULT CURRENT_TIMESTAMP ON UPDATE CURRENT_TIMESTAMP COMMENT 'Время обновления строки',
  PRIMARY KEY (`id`)
) ENGINE=InnoDB AUTO_INCREMENT=101 DEFAULT CHARSET=utf8 COLLATE=utf8_unicode_ci COMMENT='Сообщения';
/*!40101 SET character_set_client = @saved_cs_client */;

--
-- Dumping data for table `messages`
--

LOCK TABLES `messages` WRITE;
/*!40000 ALTER TABLE `messages` DISABLE KEYS */;
INSERT INTO `messages` VALUES (1,48,33,'Oh, my dear paws! Oh my fur and whiskers! She\'ll get me executed, as sure as ferrets are ferrets! Where CAN I have to go on. \'And so these three weeks!\' \'I\'m very sorry you\'ve been annoyed,\' said.',0,1,'2019-04-10 06:46:57','2020-01-01 14:42:46'),(2,21,4,'Jack-in-the-box, and up I goes like a wild beast, screamed \'Off with her head through the door, staring stupidly up into the book her sister on the end of the sort!\' said Alice. \'Of course they.',0,1,'2019-04-19 08:31:11','2020-01-17 09:48:32'),(3,58,77,'The Hatter looked at Alice, and sighing. \'It IS a Caucus-race?\' said Alice; not that she wasn\'t a really good school,\' said the Dormouse: \'not in that soup!\' Alice said nothing: she had brought.',1,1,'2019-09-01 22:15:05','2020-01-08 04:54:24'),(4,10,20,'If they had settled down in an encouraging tone. Alice looked at Alice, and sighing. \'It IS the same side of WHAT?\' thought Alice; \'I might as well go in at once.\' And in she went. Once more she.',1,1,'2019-06-14 13:41:50','2020-01-24 07:06:25'),(5,67,74,'What happened to you? Tell us all about for it, she found a little recovered from the time they were filled with tears running down his cheeks, he went on all the jelly-fish out of court! Suppress.',0,0,'2019-04-02 01:43:51','2020-01-22 20:48:51'),(6,70,29,'Queen. \'It proves nothing of the Rabbit\'s voice along--\'Catch him, you by the White Rabbit returning, splendidly dressed, with a great deal of thought, and it set to partners--\' \'--change lobsters,.',0,1,'2019-11-23 15:33:46','2020-01-03 22:45:04'),(7,33,79,'Alice quite hungry to look over their shoulders, that all the jurymen are back in a more subdued tone, and she swam nearer to make ONE respectable person!\' Soon her eye fell upon a time she went.',0,1,'2019-09-23 00:37:15','2020-01-23 03:18:45'),(8,93,27,'Pat, what\'s that in about half no time! Take your choice!\' The Duchess took her choice, and was looking down at them, and was going to remark myself.\' \'Have you seen the Mock Turtle. \'Hold your.',1,1,'2019-12-12 04:24:57','2020-01-29 20:18:34'),(9,57,5,'Alice, as she said to herself, rather sharply; \'I advise you to get out again. That\'s all.\' \'Thank you,\' said the Gryphon. \'Well, I shan\'t grow any more--As it is, I suppose?\' said Alice. \'I don\'t.',1,0,'2019-07-20 20:12:57','2020-01-05 19:36:35'),(10,52,44,'I\'m here! Digging for apples, yer honour!\' (He pronounced it \'arrum.\') \'An arm, you goose! Who ever saw one that size? Why, it fills the whole head appeared, and then Alice dodged behind a great.',1,1,'2019-11-30 15:49:53','2020-01-11 13:07:13'),(11,65,93,'Alice, with a lobster as a cushion, resting their elbows on it, (\'which certainly was not a mile high,\' said Alice. \'I\'ve read that in about half no time! Take your choice!\' The Duchess took no.',0,0,'2019-12-02 18:30:32','2020-01-02 18:46:21'),(12,71,73,'Duck: \'it\'s generally a frog or a worm. The question is, what did the Dormouse say?\' one of them with the words a little, \'From the Queen. \'Their heads are gone, if it had struck her foot! She was.',1,1,'2019-11-09 21:03:01','2020-01-14 18:30:08'),(13,52,39,'Beautiful, beauti--FUL SOUP!\' \'Chorus again!\' cried the Gryphon. \'The reason is,\' said the King was the first position in which you usually see Shakespeare, in the sea, \'and in that soup!\' Alice.',0,0,'2019-07-12 01:43:27','2020-01-28 00:11:39'),(14,42,89,'Mary Ann, what ARE you talking to?\' said one of these cakes,\' she thought, and looked very anxiously into its eyes were looking over his shoulder with some surprise that the Queen in front of them,.',1,0,'2019-01-22 17:28:12','2020-01-21 17:27:48'),(15,21,38,'Alice was silent. The Dormouse again took a great hurry. An enormous puppy was looking at everything that was trickling down his face, as long as I used--and I don\'t keep the same thing as \"I eat.',1,1,'2019-09-20 10:10:35','2020-01-23 14:44:06'),(16,27,21,'The Queen had never been in a fight with another hedgehog, which seemed to be in before the trial\'s begun.\' \'They\'re putting down their names,\' the Gryphon hastily. \'Go on with the glass table and.',1,0,'2019-06-01 22:28:18','2020-01-15 09:17:07'),(17,21,44,'March Hare: she thought of herself, \'I don\'t even know what to say it over) \'--yes, that\'s about the right size, that it was as much as serpents do, you know.\' \'And what are YOUR shoes done with?\'.',0,0,'2019-12-04 09:49:46','2020-01-05 02:13:18'),(18,57,52,'I only knew how to get hold of it; and the March Hare interrupted in a large crowd collected round it: there was a dead silence. Alice was not a bit of the lefthand bit of mushroom, and her eyes.',1,1,'2019-05-17 05:43:53','2020-01-14 19:15:09'),(19,88,83,'Alice gently remarked; \'they\'d have been changed several times since then.\' \'What do you want to get through the door, and tried to look down and looked along the passage into the sky all the time.',0,1,'2019-02-03 23:10:04','2020-01-21 05:35:52'),(20,51,7,'She was a very difficult game indeed. The players all played at once and put it in a day did you begin?\' The Hatter was out of the trees had a door leading right into it. \'That\'s very important,\'.',0,0,'2019-05-07 02:38:40','2020-01-24 06:13:55'),(21,79,73,'Like a tea-tray in the face. \'I\'ll put a white one in by mistake; and if the Queen had never before seen a good deal on where you want to be?\' it asked. \'Oh, I\'m not the smallest idea how to speak.',1,1,'2019-06-13 15:43:08','2020-01-20 02:21:58'),(22,29,25,'I\'ll kick you down stairs!\' \'That is not said right,\' said the Cat, \'a dog\'s not mad. You grant that?\' \'I suppose they are the jurors.\' She said the Queen, \'and he shall tell you my history, and.',1,0,'2019-03-16 22:39:38','2020-01-26 17:08:06'),(23,38,13,'In a minute or two she stood still where she was exactly the right distance--but then I wonder who will put on his flappers, \'--Mystery, ancient and modern, with Seaography: then Drawling--the.',0,1,'2019-09-06 18:08:43','2020-02-04 18:34:38'),(24,53,26,'King and Queen of Hearts were seated on their throne when they arrived, with a little before she had looked under it, and very soon came upon a neat little house, and found quite a new idea to.',1,1,'2019-10-16 22:44:41','2020-01-24 17:28:52'),(25,71,77,'RABBIT\' engraved upon it. She went on saying to herself, as she could, and soon found herself lying on the song, perhaps?\' \'I\'ve heard something splashing about in the sea. The master was an immense.',1,0,'2019-11-30 11:17:14','2020-01-15 07:40:25'),(26,69,13,'YOUR shoes done with?\' said the Cat, and vanished again. Alice waited patiently until it chose to speak with. Alice waited till the Pigeon went on, \'What\'s your name, child?\' \'My name is Alice, so.',1,0,'2019-03-12 12:12:04','2020-01-01 09:55:28'),(27,58,53,'Alice. \'Come on, then!\' roared the Queen, but she knew that it was too slippery; and when she found she could not help bursting out laughing: and when she looked up, but it puzzled her very.',0,1,'2019-03-24 03:08:40','2020-02-02 02:36:09'),(28,89,85,'The hedgehog was engaged in a very fine day!\' said a whiting to a snail. \"There\'s a porpoise close behind it was indeed: she was shrinking rapidly; so she felt that it is!\' \'Why should it?\' muttered.',0,0,'2019-07-19 03:07:04','2020-01-14 07:14:21'),(29,56,25,'Alice, and she felt sure she would keep, through all her wonderful Adventures, till she was coming to, but it all came different!\' the Mock Turtle; \'but it doesn\'t matter much,\' thought Alice,.',1,0,'2019-01-20 06:09:19','2020-01-07 16:23:20'),(30,57,10,'He was an old Turtle--we used to do:-- \'How doth the little--\"\' and she dropped it hastily, just in time to be Involved in this way! Stop this moment, I tell you!\' But she did not like to be an old.',0,0,'2019-08-17 21:25:23','2020-01-31 00:13:37'),(31,78,62,'As soon as there was the fan she was quite impossible to say but \'It belongs to a day-school, too,\' said Alice; \'I must go back by railway,\' she said to the King, \'that saves a world of trouble, you.',1,0,'2019-12-23 16:38:54','2020-01-21 11:58:06'),(32,72,74,'I can remember feeling a little scream, half of fright and half of anger, and tried to open it; but, as the whole window!\' \'Sure, it does, yer honour: but it\'s an arm, yer honour!\' \'Digging for.',1,1,'2019-01-02 18:58:20','2020-01-13 11:09:38'),(33,53,42,'French lesson-book. The Mouse did not at all know whether it was a good many little girls in my size; and as he spoke. \'UNimportant, of course, to begin with,\' said the cook. The King laid his hand.',1,1,'2019-02-03 20:54:58','2020-01-01 19:53:54'),(34,49,22,'White Rabbit blew three blasts on the top with its tongue hanging out of court! Suppress him! Pinch him! Off with his nose Trims his belt and his buttons, and turns out his toes.\' [later editions.',1,0,'2019-06-13 23:39:46','2020-01-04 06:00:35'),(35,61,41,'I get it home?\' when it saw Alice. It looked good-natured, she thought: still it was over at last: \'and I do hope it\'ll make me smaller, I suppose.\' So she set to work throwing everything within her.',0,1,'2019-12-20 07:33:57','2020-01-14 18:21:15'),(36,19,71,'Queen said to Alice, she went nearer to make out what it meant till now.\' \'If that\'s all you know about it, even if my head would go anywhere without a porpoise.\' \'Wouldn\'t it really?\' said Alice.',1,1,'2019-06-29 14:50:25','2020-01-23 13:44:29'),(37,99,81,'I gave her answer. \'They\'re done with blacking, I believe.\' \'Boots and shoes under the sea--\' (\'I haven\'t,\' said Alice)--\'and perhaps you were or might have been changed in the distance, sitting sad.',0,1,'2019-07-23 03:30:14','2020-02-05 01:38:39'),(38,6,88,'I\'m grown up now,\' she said, \'and see whether it\'s marked \"poison\" or not\'; for she could not taste theirs, and the other side. The further off from England the nearer is to give the hedgehog to,.',1,0,'2019-04-22 20:59:51','2020-02-04 14:59:52'),(39,23,48,'I believe.\' \'Boots and shoes under the door; so either way I\'ll get into her head. \'If I eat one of them even when they arrived, with a trumpet in one hand and a bright idea came into her eyes--and.',0,0,'2019-11-11 22:28:34','2020-02-01 10:03:22'),(40,73,20,'Hatter; \'so I should understand that better,\' Alice said nothing: she had looked under it, and then said \'The fourth.\' \'Two days wrong!\' sighed the Hatter. \'Does YOUR watch tell you what year it.',1,1,'2019-05-25 01:23:16','2020-01-17 17:17:15'),(41,82,49,'Alice, she went on, \'--likely to win, that it\'s hardly worth while finishing the game.\' The Queen smiled and passed on. \'Who ARE you doing out here? Run home this moment, I tell you, you coward!\'.',1,1,'2019-05-21 11:30:37','2020-01-26 20:16:10'),(42,97,39,'No, it\'ll never do to hold it. As soon as she was to get in?\' asked Alice again, in a great deal to come before that!\' \'Call the first sentence in her pocket, and pulled out a new idea to Alice, and.',0,1,'2019-09-28 05:23:12','2020-01-07 01:29:04'),(43,2,93,'Alice! Come here directly, and get ready to play with, and oh! ever so many lessons to learn! No, I\'ve made up my mind about it; if I\'m Mabel, I\'ll stay down here with me! There are no mice in the.',0,0,'2019-07-19 16:24:11','2020-01-26 18:36:50'),(44,59,17,'The poor little thing was snorting like a Jack-in-the-box, and up I goes like a frog; and both creatures hid their faces in their mouths; and the arm that was sitting on the top of its mouth, and.',1,0,'2019-07-07 17:51:14','2020-01-02 04:37:01'),(45,7,84,'Alice coming. \'There\'s PLENTY of room!\' said Alice more boldly: \'you know you\'re growing too.\' \'Yes, but some crumbs must have a trial: For really this morning I\'ve nothing to what I say,\' the Mock.',1,1,'2019-12-06 16:03:39','2020-01-02 15:14:35'),(46,97,33,'Alice, \'Have you guessed the riddle yet?\' the Hatter added as an explanation; \'I\'ve none of them with the time,\' she said this, she was out of its voice. \'Back to land again, and made another rush.',1,1,'2019-02-10 02:44:31','2020-01-05 14:21:50'),(47,74,71,'However, this bottle was NOT marked \'poison,\' so Alice went on, half to itself, half to herself, rather sharply; \'I advise you to death.\"\' \'You are old,\' said the King added in a dreamy sort of.',1,1,'2019-10-04 13:31:36','2020-01-19 02:05:29'),(48,34,55,'Yet you turned a corner, \'Oh my ears and whiskers, how late it\'s getting!\' She was a very humble tone, going down on her face brightened up at the White Rabbit; \'in fact, there\'s nothing written on.',0,1,'2019-06-17 11:24:26','2020-01-04 15:21:53'),(49,70,88,'Alice. \'Come on, then,\' said Alice, \'because I\'m not the smallest notice of them didn\'t know that cats COULD grin.\' \'They all can,\' said the Hatter. This piece of it at all. However, \'jury-men\'.',0,1,'2019-01-08 16:27:18','2020-01-01 10:33:00'),(50,28,77,'However, when they met in the court!\' and the three were all in bed!\' On various pretexts they all stopped and looked very anxiously into its face in her life, and had just begun to think to.',1,1,'2019-09-24 00:03:14','2020-01-28 18:39:19'),(51,99,62,'Alice! Come here directly, and get ready for your walk!\" \"Coming in a day or two: wouldn\'t it be of very little use, as it lasted.) \'Then the words \'EAT ME\' were beautifully marked in currants..',1,0,'2019-07-31 22:54:14','2020-01-29 01:37:39'),(52,13,80,'I ask! It\'s always six o\'clock now.\' A bright idea came into Alice\'s head. \'Is that the meeting adjourn, for the rest of it in with a table in the last words out loud, and the Mock Turtle angrily:.',0,0,'2019-09-19 18:21:26','2020-01-21 12:10:18'),(53,59,54,'Gryphon went on. \'I do,\' Alice hastily replied; \'at least--at least I know is, it would not allow without knowing how old it was, even before she found herself at last came a rumbling of little.',0,1,'2019-11-04 23:04:28','2020-01-19 07:58:33'),(54,93,2,'Said his father; \'don\'t give yourself airs! Do you think, at your age, it is to find my way into a small passage, not much surprised at her rather inquisitively, and seemed not to be.',0,1,'2019-01-25 12:18:00','2020-01-31 03:21:50'),(55,32,54,'Gryphon never learnt it.\' \'Hadn\'t time,\' said the Caterpillar called after it; and the Queen\'s absence, and were resting in the sea!\' cried the Mouse, turning to the other end of every line: \'Speak.',0,1,'2019-10-21 16:16:32','2020-01-23 16:53:31'),(56,75,9,'King. \'When did you do either!\' And the muscular strength, which it gave to my right size: the next witness. It quite makes my forehead ache!\' Alice watched the White Rabbit blew three blasts on the.',1,0,'2019-10-27 20:28:41','2020-01-24 02:22:07'),(57,21,75,'Who in the air: it puzzled her a good deal frightened by this time, sat down with wonder at the time when she had known them all her wonderful Adventures, till she fancied she heard was a paper.',1,0,'2019-09-11 05:33:45','2020-01-11 21:10:04'),(58,15,49,'Alice caught the flamingo and brought it back, the fight was over, and both footmen, Alice noticed, had powdered hair that WOULD always get into that beautiful garden--how IS that to be ashamed of.',0,1,'2019-01-02 14:22:42','2020-01-22 14:43:58'),(59,99,48,'Alice, who felt very curious to know when the Rabbit hastily interrupted. \'There\'s a great crowd assembled about them--all sorts of little animals and birds waiting outside. The poor little thing.',1,0,'2019-12-10 07:12:13','2020-01-03 10:09:39'),(60,43,71,'There was exactly the right way to fly up into the teapot. \'At any rate he might answer questions.--How am I to do?\' said Alice. \'Why, you don\'t know one,\' said Alice. \'It must have been was not a.',1,0,'2019-09-09 16:52:59','2020-01-21 06:36:19'),(61,23,3,'Queen: so she went on. \'I do,\' Alice hastily replied; \'only one doesn\'t like changing so often, you know.\' He was an old conger-eel, that used to read fairy-tales, I fancied that kind of thing never.',1,1,'2019-08-17 14:48:15','2020-01-22 02:32:42'),(62,45,14,'Alice, who always took a great deal to ME,\' said the Duck: \'it\'s generally a frog or a worm. The question is, Who in the pool, and the Queen shouted at the Duchess by this time, and was delighted to.',0,0,'2019-01-23 23:22:14','2020-01-09 04:54:34'),(63,34,29,'I should like to be a queer thing, to be trampled under its feet, \'I move that the way the people that walk with their fur clinging close to her ear. \'You\'re thinking about something, my dear, I.',1,1,'2019-06-09 00:26:25','2020-01-15 04:54:45'),(64,43,28,'Queen\'s ears--\' the Rabbit just under the circumstances. There was a general clapping of hands at this: it was empty: she did not get hold of this elegant thimble\'; and, when it had made. \'He took.',1,1,'2019-12-28 04:05:23','2020-01-10 21:50:04'),(65,9,63,'We must have been ill.\' \'So they were,\' said the last word two or three of her hedgehog. The hedgehog was engaged in a great letter, nearly as large as himself, and this time with one finger; and.',1,0,'2019-08-22 19:07:37','2020-01-07 22:26:06'),(66,87,43,'She hastily put down yet, before the end of your nose-- What made you so awfully clever?\' \'I have answered three questions, and that makes the matter on, What would become of me?\' Luckily for Alice,.',1,1,'2019-03-27 11:21:53','2020-01-05 22:40:18'),(67,54,43,'Suppress him! Pinch him! Off with his tea spoon at the Caterpillar\'s making such VERY short remarks, and she felt that this could not join the dance? Will you, won\'t you, will you, won\'t you, will.',0,0,'2019-04-01 23:26:34','2020-01-04 22:03:14'),(68,49,18,'Alice hastily replied; \'at least--at least I know THAT well enough; and what does it to be nothing but the Dodo solemnly presented the thimble, saying \'We beg your pardon,\' said Alice very meekly:.',1,1,'2019-07-18 11:07:09','2020-01-05 18:15:14'),(69,44,62,'CAN all that stuff,\' the Mock Turtle sighed deeply, and drew the back of one flapper across his eyes. He looked anxiously round, to make personal remarks,\' Alice said to the baby, and not to be.',0,1,'2019-12-21 09:16:02','2020-01-13 01:06:29'),(70,79,6,'And argued each case with my wife; And the Eaglet bent down its head impatiently, and walked a little more conversation with her head!\' Those whom she sentenced were taken into custody by the.',0,1,'2019-03-23 12:58:41','2020-01-10 10:46:46'),(71,95,57,'She did it at all. However, \'jury-men\' would have made a memorandum of the suppressed guinea-pigs, filled the air, mixed up with the tarts, you know--\' \'What did they live at the bottom of a.',0,1,'2019-03-16 13:05:19','2020-01-12 02:34:20'),(72,1,30,'Alice had begun to repeat it, but her head made her draw back in a loud, indignant voice, but she saw maps and pictures hung upon pegs. She took down a good opportunity for repeating his remark,.',1,1,'2019-05-09 02:30:29','2020-01-28 04:31:25'),(73,47,47,'I say,\' the Mock Turtle went on for some minutes. The Caterpillar and Alice joined the procession, wondering very much pleased at having found out a history of the table. \'Nothing can be clearer.',0,0,'2019-02-21 21:16:27','2020-01-30 14:54:06'),(74,90,12,'Alice, \'they\'re sure to do it.\' (And, as you say \"What a pity!\"?\' the Rabbit began. Alice thought decidedly uncivil. \'But perhaps he can\'t help that,\' said the Cat. \'--so long as I used--and I don\'t.',0,1,'2019-08-29 02:50:48','2020-01-31 00:56:17'),(75,86,97,'Mock Turtle went on. \'I do,\' Alice hastily replied; \'only one doesn\'t like changing so often, you know.\' \'I DON\'T know,\' said the Duchess; \'I never saw one, or heard of such a curious plan!\'.',0,1,'2019-11-11 22:24:37','2020-01-25 19:59:04'),(76,23,27,'Come on!\' \'Everybody says \"come on!\" here,\' thought Alice, and she thought it would not stoop? Soup of the bottle was a bright idea came into Alice\'s shoulder as he spoke, and added \'It isn\'t.',0,1,'2019-05-05 07:30:39','2020-02-04 01:06:33'),(77,64,38,'There could be NO mistake about it: it was impossible to say anything. \'Why,\' said the Mock Turtle went on. \'I do,\' Alice hastily replied; \'only one doesn\'t like changing so often, of course had to.',1,1,'2019-02-11 18:19:24','2020-01-23 17:35:31'),(78,98,77,'Duchess said after a fashion, and this Alice would not join the dance? Will you, won\'t you, will you join the dance. Will you, won\'t you, will you join the dance? Will you, won\'t you, will you,.',0,0,'2019-07-20 21:05:02','2020-01-12 12:37:59'),(79,89,15,'Rabbit came up to her daughter \'Ah, my dear! I wish you would seem to see the Mock Turtle drew a long time together.\' \'Which is just the case with my wife; And the muscular strength, which it gave.',0,0,'2019-05-30 02:26:54','2020-01-26 22:23:21'),(80,5,82,'Dodo suddenly called out to sea as you say it.\' \'That\'s nothing to do.\" Said the mouse doesn\'t get out.\" Only I don\'t believe it,\' said Alice, who was gently brushing away some dead leaves that had.',1,1,'2019-05-23 20:59:25','2020-01-23 02:02:49'),(81,95,29,'Mouse splashed his way through the air! Do you think you could see it trying in a tone of the suppressed guinea-pigs, filled the air, mixed up with the name again!\' \'I won\'t have any pepper in my.',1,0,'2019-09-25 01:36:22','2020-02-02 15:04:04'),(82,60,10,'Mouse to tell you--all I know all the jurymen are back in their proper places--ALL,\' he repeated with great curiosity. \'It\'s a friend of mine--a Cheshire Cat,\' said Alice: \'allow me to introduce.',1,0,'2019-06-26 17:03:34','2020-01-24 21:11:53'),(83,69,15,'She was close behind us, and he\'s treading on my tail. See how eagerly the lobsters and the choking of the sense, and the Queen say only yesterday you deserved to be a great thistle, to keep herself.',0,1,'2019-03-24 08:28:43','2020-01-22 12:47:13'),(84,68,94,'Queen said to the door, and knocked. \'There\'s no sort of mixed flavour of cherry-tart, custard, pine-apple, roast turkey, toffee, and hot buttered toast,) she very seldom followed it), and handed.',0,0,'2019-09-04 15:12:49','2020-02-06 00:20:26'),(85,67,51,'Alice, they all quarrel so dreadfully one can\'t hear oneself speak--and they don\'t give birthday presents like that!\' \'I couldn\'t help it,\' she thought, \'it\'s sure to make herself useful, and.',1,0,'2019-09-14 02:37:56','2020-01-06 23:20:32'),(86,54,17,'Even the Duchess replied, in a low, timid voice, \'If you can\'t think! And oh, I wish I could not stand, and she had sat down in a very fine day!\' said a sleepy voice behind her. \'Collar that.',0,0,'2019-06-25 15:31:13','2020-02-01 07:41:24'),(87,21,56,'Caterpillar. \'Not QUITE right, I\'m afraid,\' said Alice, very much pleased at having found out that it felt quite relieved to see some meaning in it,\' said the King: \'however, it may kiss my hand if.',0,0,'2019-04-20 21:42:12','2020-01-30 04:25:23'),(88,14,1,'Never heard of such a rule at processions; \'and besides, what would happen next. First, she tried the roots of trees, and I\'ve tried hedges,\' the Pigeon went on, \'that they\'d let Dinah stop in the.',1,0,'2019-01-23 13:57:23','2020-01-16 11:02:46'),(89,62,5,'WHAT?\' said the Hatter. This piece of bread-and-butter in the shade: however, the moment he was going to give the hedgehog a blow with its arms and frowning at the bottom of the lefthand bit. * * *.',0,1,'2019-05-29 04:40:17','2020-01-27 05:57:39'),(90,42,94,'But the snail replied \"Too far, too far!\" and gave a sudden leap out of its right ear and left off sneezing by this time.) \'You\'re nothing but out-of-the-way things to happen, that it felt quite.',1,0,'2019-11-05 05:29:13','2020-01-12 20:39:57'),(91,45,41,'There was a large rabbit-hole under the sea--\' (\'I haven\'t,\' said Alice)--\'and perhaps you haven\'t found it made Alice quite hungry to look through into the garden, called out in a confused way,.',0,1,'2019-01-02 13:25:14','2020-01-18 01:26:48'),(92,69,22,'There could be beheaded, and that you weren\'t to talk nonsense. The Queen\'s Croquet-Ground A large rose-tree stood near the entrance of the trees behind him. \'--or next day, maybe,\' the Footman.',1,1,'2019-06-28 02:38:29','2020-01-14 05:14:11'),(93,4,52,'Dinah, tell me your history, you know,\' said the Rabbit coming to look down and make out that she had someone to listen to me! I\'LL soon make you a couple?\' \'You are old, Father William,\' the young.',1,0,'2019-06-05 20:56:42','2020-01-15 21:50:33'),(94,47,81,'I\'ll tell him--it was for bringing the cook was leaning over the list, feeling very glad that it felt quite unhappy at the corners: next the ten courtiers; these were all in bed!\' On various.',1,0,'2019-09-03 00:48:00','2020-02-04 21:30:10'),(95,63,69,'Gryphon is, look at them--\'I wish they\'d get the trial done,\' she thought, \'and hand round the court and got behind Alice as it was the first verse,\' said the King. (The jury all wrote down all.',0,0,'2019-01-28 13:09:51','2020-01-21 05:59:12'),(96,57,77,'It was high time you were me?\' \'Well, perhaps you haven\'t found it very hard indeed to make out that one of the Mock Turtle yawned and shut his eyes.--\'Tell her about the whiting!\' \'Oh, as to.',0,0,'2019-05-13 15:25:17','2020-02-03 01:25:33'),(97,14,38,'Some of the Nile On every golden scale! \'How cheerfully he seems to suit them!\' \'I haven\'t opened it yet,\' said Alice; \'it\'s laid for a good deal to come yet, please your Majesty,\' the Hatter said,.',1,0,'2019-08-04 13:36:49','2020-02-01 13:10:06'),(98,49,31,'Alice as he said in a deep sigh, \'I was a very decided tone: \'tell her something about the same size: to be a queer thing, to be two people. \'But it\'s no use their putting their heads downward! The.',0,1,'2019-11-11 21:48:15','2020-01-23 01:33:55'),(99,7,39,'Duchess! The Duchess! Oh my dear Dinah! I wonder what they\'ll do next! As for pulling me out of the house if it likes.\' \'I\'d rather not,\' the Cat again, sitting on the look-out for serpents night.',1,0,'2019-07-17 20:10:44','2020-01-16 16:19:15'),(100,77,66,'Alice in a low trembling voice, \'--and I hadn\'t quite finished my tea when I get it home?\' when it saw mine coming!\' \'How do you know that you\'re mad?\' \'To begin with,\' said the cook. The King.',0,1,'2019-02-14 11:28:54','2020-01-13 04:54:32');
/*!40000 ALTER TABLE `messages` ENABLE KEYS */;
UNLOCK TABLES;

--
-- Table structure for table `profiles`
--

DROP TABLE IF EXISTS `profiles`;
/*!40101 SET @saved_cs_client     = @@character_set_client */;
/*!50503 SET character_set_client = utf8mb4 */;
CREATE TABLE `profiles` (
  `user_id` int unsigned NOT NULL COMMENT 'Ссылка на пользователя',
  `gender` char(1) CHARACTER SET utf8 COLLATE utf8_unicode_ci NOT NULL COMMENT 'Пол',
  `birthday` date DEFAULT NULL COMMENT 'Дата рождения',
  `photo_id` int unsigned DEFAULT NULL COMMENT 'Ссылка на основную фотографию пользователя',
  `user_status_id` int unsigned DEFAULT NULL,
  `city` varchar(130) CHARACTER SET utf8 COLLATE utf8_unicode_ci DEFAULT NULL COMMENT 'Город проживания',
  `country` varchar(130) CHARACTER SET utf8 COLLATE utf8_unicode_ci DEFAULT NULL COMMENT 'Страна проживания',
  `created_at` datetime DEFAULT CURRENT_TIMESTAMP COMMENT 'Время создания строки',
  `updated_at` datetime DEFAULT CURRENT_TIMESTAMP ON UPDATE CURRENT_TIMESTAMP COMMENT 'Время обновления строки',
  PRIMARY KEY (`user_id`)
) ENGINE=InnoDB DEFAULT CHARSET=utf8 COLLATE=utf8_unicode_ci COMMENT='Профили';
/*!40101 SET character_set_client = @saved_cs_client */;

--
-- Dumping data for table `profiles`
--

LOCK TABLES `profiles` WRITE;
/*!40000 ALTER TABLE `profiles` DISABLE KEYS */;
INSERT INTO `profiles` VALUES (1,'m','2004-04-01',93,2,'Morarhaven','Namibia','2019-10-12 23:13:55','2020-09-10 22:10:11'),(2,'m','1971-09-15',89,1,'Janickborough','Saudi Arabia','2019-09-11 19:36:22','2020-09-10 22:03:27'),(3,'f','2010-03-29',67,1,'Schowalterberg','Malaysia','2019-02-19 04:20:02','2020-09-10 22:03:27'),(4,'f','1981-12-01',67,1,'East Jarrodland','New Caledonia','2019-08-03 10:51:03','2020-09-10 22:03:27'),(5,'m','2016-02-28',34,1,'Jaskolskiland','Cape Verde','2019-07-14 17:15:07','2020-09-10 22:03:27'),(6,'m','1997-12-18',66,1,'East Minnie','Zambia','2019-11-27 05:42:23','2020-09-10 22:03:27'),(7,'f','1981-10-25',29,2,'East Floydburgh','Lithuania','2019-12-04 00:46:35','2020-09-10 22:10:11'),(8,'m','2013-09-21',48,1,'New Leonard','Bahrain','2019-11-26 10:45:44','2020-09-10 22:03:27'),(9,'f','1979-05-25',52,2,'North Daphneefort','Bahrain','2019-09-29 03:28:55','2020-09-10 22:10:11'),(10,'m','2019-06-12',13,1,'Lake Jaydon','Saudi Arabia','2019-01-03 09:07:20','2020-09-10 22:03:27'),(11,'m','1991-02-11',12,1,'North Karistad','Gibraltar','2019-10-21 11:09:55','2020-09-10 22:03:27'),(12,'f','1983-05-29',19,2,'Spencerfurt','Hong Kong','2019-01-01 04:27:33','2020-09-10 22:10:11'),(13,'m','2013-12-22',57,1,'Jakubowskichester','Christmas Island','2019-08-04 12:48:00','2020-09-10 22:03:27'),(14,'f','1996-03-10',28,1,'North Chynaview','Bhutan','2019-12-14 02:37:19','2020-09-10 22:03:27'),(15,'f','1980-05-31',71,2,'South Alishafort','Uzbekistan','2019-12-25 22:42:33','2020-09-10 22:10:11'),(16,'m','1999-07-11',69,1,'Connellyview','Saint Helena','2019-01-24 09:40:47','2020-09-10 22:03:27'),(17,'m','1970-02-15',31,1,'Port Josephine','Lao People\'s Democratic Republic','2019-05-16 04:16:15','2020-09-10 22:03:27'),(18,'m','1989-07-28',49,2,'West Wilmer','Malawi','2019-08-29 16:18:51','2020-09-10 22:10:11'),(19,'f','2008-04-16',51,1,'Lake Anissahaven','Montenegro','2019-03-09 20:45:29','2020-09-10 22:03:27'),(20,'f','2003-07-30',7,1,'Treutelport','Azerbaijan','2019-12-14 06:50:53','2020-09-10 22:03:27'),(21,'m','1975-03-29',81,1,'New Ottochester','Jamaica','2019-03-14 19:57:53','2020-09-10 22:03:27'),(22,'m','2014-03-18',82,1,'Port Breannemouth','Martinique','2019-02-22 07:16:47','2020-09-10 22:03:27'),(23,'f','1993-01-22',68,1,'Port Alejandrin','Norfolk Island','2019-02-13 00:30:14','2020-09-10 22:03:27'),(24,'f','1982-10-27',95,1,'Vallieland','New Zealand','2019-02-28 04:40:48','2020-09-10 22:03:27'),(25,'f','2000-02-14',72,1,'East Pauline','French Polynesia','2019-06-11 21:53:15','2020-09-10 22:03:27'),(26,'m','1980-09-29',71,2,'South Susana','Gambia','2019-09-27 23:23:52','2020-09-10 22:10:11'),(27,'f','2017-02-23',39,2,'East Lois','India','2019-05-15 03:19:30','2020-09-10 22:10:11'),(28,'f','1971-09-21',80,1,'Tatebury','Morocco','2019-08-14 18:25:56','2020-09-10 22:03:27'),(29,'f','1984-11-30',85,1,'Luisstad','Martinique','2019-12-28 10:11:08','2020-09-10 22:03:27'),(30,'f','1995-04-11',86,2,'Hagenesport','United Kingdom','2019-02-04 19:37:49','2020-09-10 22:10:11'),(31,'m','2019-10-20',71,2,'Frankiemouth','Ecuador','2019-07-04 19:35:42','2020-09-10 22:10:11'),(32,'m','1983-08-21',100,1,'East Tamiachester','Ghana','2019-03-31 15:05:02','2020-09-10 22:03:27'),(33,'f','1972-12-14',84,1,'New Bernice','Nepal','2019-09-16 16:38:00','2020-09-10 22:03:27'),(34,'f','1983-10-05',21,2,'Port Jordyn','Malaysia','2019-10-22 13:54:53','2020-09-10 22:10:11'),(35,'f','1982-09-07',53,2,'Ariannamouth','Botswana','2019-11-28 19:40:23','2020-09-10 22:10:11'),(36,'m','2013-11-07',2,1,'Orlandoville','Cape Verde','2019-02-15 08:37:15','2020-09-10 22:03:27'),(37,'f','1970-10-22',50,2,'Jesusbury','Svalbard & Jan Mayen Islands','2019-11-23 08:05:07','2020-09-10 22:10:11'),(38,'f','2001-07-30',42,1,'East Ryann','Tokelau','2019-02-05 14:33:45','2020-09-10 22:03:27'),(39,'m','2017-07-23',61,1,'West Lottiefurt','Italy','2019-10-22 00:33:24','2020-09-10 22:03:27'),(40,'m','1998-11-11',78,2,'Ernserville','South Georgia and the South Sandwich Islands','2019-09-26 07:05:43','2020-09-10 22:10:11'),(41,'f','1976-12-12',8,2,'West Fayemouth','Puerto Rico','2019-04-05 09:48:23','2020-09-10 22:10:11'),(42,'m','1988-12-02',4,1,'Katherinefort','Western Sahara','2019-02-02 03:44:45','2020-09-10 22:03:27'),(43,'m','1992-05-11',96,2,'Johnstown','Mauritania','2019-08-31 13:18:33','2020-09-10 22:10:11'),(44,'f','2010-08-08',68,2,'South Lutherville','Rwanda','2019-01-22 07:18:28','2020-09-10 22:10:11'),(45,'f','1999-01-30',52,1,'Chaimchester','Mauritius','2019-04-19 20:36:39','2020-09-10 22:03:27'),(46,'f','2012-08-05',53,2,'Keanuchester','Senegal','2019-04-26 09:07:49','2020-09-10 22:10:11'),(47,'m','2016-05-23',10,1,'New Prudencetown','Lithuania','2019-09-08 07:49:08','2020-09-10 22:03:27'),(48,'f','2008-10-20',92,2,'New Lukasburgh','Turkmenistan','2019-06-25 11:42:10','2020-09-10 22:10:11'),(49,'m','1991-11-20',27,1,'Lilyberg','Barbados','2019-05-07 11:03:25','2020-09-10 22:03:27'),(50,'f','2006-04-17',61,2,'Fredericview','Burundi','2019-04-16 20:10:35','2020-09-10 22:10:11'),(51,'f','1993-06-14',23,2,'Port Laurianne','Djibouti','2019-05-30 19:42:36','2020-09-10 22:10:11'),(52,'f','1977-05-19',33,2,'Saulview','Turkey','2019-03-08 14:01:17','2020-09-10 22:10:11'),(53,'m','2007-11-26',95,2,'West Orlando','Guatemala','2019-09-06 10:58:32','2020-09-10 22:10:11'),(54,'m','1989-09-26',75,1,'Kulasside','Uganda','2019-11-09 12:48:48','2020-09-10 22:03:27'),(55,'f','1997-01-23',90,2,'Port Jonatan','Tunisia','2019-03-29 07:08:25','2020-09-10 22:10:11'),(56,'m','2019-02-16',25,1,'Port Arnetown','Cambodia','2019-08-17 21:15:38','2020-09-10 22:03:27'),(57,'m','2004-09-05',56,2,'Tysonton','French Guiana','2019-06-02 12:52:53','2020-09-10 22:10:11'),(58,'f','2010-04-16',2,1,'West Margieberg','Qatar','2019-03-18 00:37:31','2020-09-10 22:03:27'),(59,'f','1999-02-26',43,2,'New Brendonstad','Puerto Rico','2019-10-15 12:28:55','2020-09-10 22:10:11'),(60,'f','1986-10-14',8,1,'North Kyra','Cocos (Keeling) Islands','2019-04-25 12:31:58','2020-09-10 22:03:27'),(61,'f','1997-08-20',9,1,'Kohlerbury','Saint Pierre and Miquelon','2019-03-17 01:13:07','2020-09-10 22:03:27'),(62,'m','2004-01-24',23,1,'Leslystad','Hong Kong','2019-02-01 16:29:37','2020-09-10 22:03:27'),(63,'f','2013-01-19',88,2,'Carterside','Turkmenistan','2019-10-26 06:48:42','2020-09-10 22:10:11'),(64,'m','1971-09-14',69,2,'Pfefferport','Nauru','2019-10-29 08:34:39','2020-09-10 22:10:11'),(65,'f','2010-11-18',82,2,'South Elyssaburgh','South Africa','2019-09-04 22:27:06','2020-09-10 22:10:11'),(66,'f','1980-08-02',3,1,'New Whitney','Mali','2019-11-27 14:31:32','2020-09-10 22:03:27'),(67,'f','1970-03-28',68,1,'West Tyreehaven','Kuwait','2019-07-02 05:16:20','2020-09-10 22:03:27'),(68,'m','1998-04-28',29,2,'Hellerside','San Marino','2019-10-12 06:47:04','2020-09-10 22:10:11'),(69,'m','1997-01-26',41,2,'Geoburgh','Morocco','2019-05-25 18:06:18','2020-09-10 22:10:11'),(70,'f','1976-09-23',17,2,'Botsfordport','United Arab Emirates','2019-08-24 22:10:15','2020-09-10 22:10:11'),(71,'m','1983-12-09',61,2,'New Tesston','Japan','2019-01-16 08:32:21','2020-09-10 22:10:11'),(72,'f','1992-09-12',54,2,'Lake Ressiefort','Rwanda','2019-04-10 00:10:56','2020-09-10 22:10:11'),(73,'m','1989-12-01',88,1,'Port Princessberg','Sierra Leone','2019-03-25 23:17:38','2020-09-10 22:03:27'),(74,'f','1971-05-12',76,2,'Bernhardmouth','Cyprus','2019-05-03 19:55:20','2020-09-10 22:10:11'),(75,'m','1971-01-30',17,2,'Hattiestad','Cayman Islands','2019-12-29 05:43:43','2020-09-10 22:10:11'),(76,'f','1983-04-14',56,1,'North Mireilleville','Central African Republic','2019-12-14 16:52:34','2020-09-10 22:03:27'),(77,'m','1985-11-30',28,1,'Lake Aaronton','Bolivia','2019-10-14 19:11:41','2020-09-10 22:03:27'),(78,'m','1993-06-10',70,1,'Uptonhaven','Japan','2019-01-26 21:20:41','2020-09-10 22:03:27'),(79,'m','1973-09-07',66,2,'New Amaya','Kiribati','2019-12-31 01:08:19','2020-09-10 22:10:11'),(80,'f','2000-07-22',19,2,'New Bruce','Macedonia','2019-10-10 13:39:32','2020-09-10 22:10:11'),(81,'m','1990-01-19',96,1,'Ursulatown','United Kingdom','2019-11-17 16:52:39','2020-09-10 22:03:27'),(82,'f','2009-07-25',22,1,'Winstontown','Turkey','2019-01-26 19:24:39','2020-09-10 22:03:27'),(83,'f','1974-12-27',23,1,'North Vincenzatown','Poland','2019-09-19 22:25:18','2020-09-10 22:03:27'),(84,'m','1970-05-21',48,1,'Lake Ricoland','Saint Vincent and the Grenadines','2019-05-18 05:52:29','2020-09-10 22:03:27'),(85,'m','1993-09-28',71,2,'Mitchellborough','Saint Lucia','2019-09-23 10:06:30','2020-09-10 22:10:11'),(86,'f','1981-02-16',11,2,'Lake Victor','Malawi','2019-07-05 08:55:02','2020-09-10 22:10:11'),(87,'m','1988-08-14',43,2,'Maiyaland','Armenia','2019-05-11 14:15:37','2020-09-10 22:10:11'),(88,'m','2004-04-26',78,1,'Gibsonstad','San Marino','2019-04-07 20:32:58','2020-09-10 22:03:27'),(89,'m','2001-09-16',64,2,'Blairfort','Marshall Islands','2019-04-03 11:57:59','2020-09-10 22:10:11'),(90,'f','1982-12-01',83,1,'West Theresiastad','Fiji','2019-06-21 22:10:57','2020-09-10 22:03:27'),(91,'f','1979-12-28',23,1,'Tillmanport','Switzerland','2019-08-06 03:00:48','2020-09-10 22:03:27'),(92,'m','2003-02-08',67,1,'Sipestown','Cayman Islands','2019-07-24 20:31:07','2020-09-10 22:03:27'),(93,'m','2000-06-17',66,2,'Port Charley','Slovenia','2019-01-08 21:33:09','2020-09-10 22:10:11'),(94,'f','2020-01-16',26,2,'Brandyview','Guam','2019-06-04 22:12:24','2020-09-10 22:10:11'),(95,'m','1995-08-14',33,1,'Schowalterchester','Micronesia','2019-01-21 22:22:31','2020-09-10 22:03:27'),(96,'f','1984-06-22',85,2,'Port Laurenton','Angola','2019-01-05 21:15:20','2020-09-10 22:10:11'),(97,'m','1986-06-03',26,1,'North Zolashire','Heard Island and McDonald Islands','2019-11-23 15:09:06','2020-09-10 22:03:27'),(98,'m','2020-03-10',76,2,'Wildermanside','Maldives','2019-06-08 11:59:27','2020-09-10 22:10:11'),(99,'m','1996-10-18',99,1,'East Pearl','Liechtenstein','2019-06-27 14:29:58','2020-09-10 22:03:27'),(100,'m','1994-05-15',66,2,'Jazmynestad','Portugal','2019-02-17 12:31:25','2020-09-10 22:10:11');
/*!40000 ALTER TABLE `profiles` ENABLE KEYS */;
UNLOCK TABLES;

--
-- Table structure for table `user_statuses`
--

DROP TABLE IF EXISTS `user_statuses`;
/*!40101 SET @saved_cs_client     = @@character_set_client */;
/*!50503 SET character_set_client = utf8mb4 */;
CREATE TABLE `user_statuses` (
  `id` bigint unsigned NOT NULL AUTO_INCREMENT,
  `name` varchar(100) DEFAULT NULL,
  `created_at` datetime NOT NULL DEFAULT CURRENT_TIMESTAMP,
  `updated_at` datetime NOT NULL DEFAULT CURRENT_TIMESTAMP ON UPDATE CURRENT_TIMESTAMP,
  PRIMARY KEY (`id`),
  UNIQUE KEY `id` (`id`)
) ENGINE=InnoDB AUTO_INCREMENT=3 DEFAULT CHARSET=utf8mb4 COLLATE=utf8mb4_0900_ai_ci;
/*!40101 SET character_set_client = @saved_cs_client */;

--
-- Dumping data for table `user_statuses`
--

LOCK TABLES `user_statuses` WRITE;
/*!40000 ALTER TABLE `user_statuses` DISABLE KEYS */;
INSERT INTO `user_statuses` VALUES (1,'single','2020-09-10 21:52:36','2020-09-10 21:52:36'),(2,'married','2020-09-10 21:52:36','2020-09-10 21:52:36');
/*!40000 ALTER TABLE `user_statuses` ENABLE KEYS */;
UNLOCK TABLES;

--
-- Table structure for table `users`
--

DROP TABLE IF EXISTS `users`;
/*!40101 SET @saved_cs_client     = @@character_set_client */;
/*!50503 SET character_set_client = utf8mb4 */;
CREATE TABLE `users` (
  `id` int unsigned NOT NULL AUTO_INCREMENT COMMENT 'Идентификатор строки',
  `first_name` varchar(100) CHARACTER SET utf8 COLLATE utf8_unicode_ci NOT NULL COMMENT 'Имя пользователя',
  `last_name` varchar(100) CHARACTER SET utf8 COLLATE utf8_unicode_ci NOT NULL COMMENT 'Фамилия пользователя',
  `email` varchar(100) CHARACTER SET utf8 COLLATE utf8_unicode_ci NOT NULL COMMENT 'Почта',
  `phone` varchar(100) CHARACTER SET utf8 COLLATE utf8_unicode_ci NOT NULL COMMENT 'Телефон',
  `created_at` datetime DEFAULT CURRENT_TIMESTAMP COMMENT 'Время создания строки',
  `updated_at` datetime DEFAULT CURRENT_TIMESTAMP ON UPDATE CURRENT_TIMESTAMP COMMENT 'Время обновления строки',
  PRIMARY KEY (`id`),
  UNIQUE KEY `email` (`email`),
  UNIQUE KEY `phone` (`phone`)
) ENGINE=InnoDB AUTO_INCREMENT=101 DEFAULT CHARSET=utf8 COLLATE=utf8_unicode_ci COMMENT='Пользователи';
/*!40101 SET character_set_client = @saved_cs_client */;

--
-- Dumping data for table `users`
--

LOCK TABLES `users` WRITE;
/*!40000 ALTER TABLE `users` DISABLE KEYS */;
INSERT INTO `users` VALUES (1,'Clemens','Runte','qlowe@example.com','(497)782-2436x70872','2012-04-19 15:00:56','2012-09-03 09:49:04'),(2,'Mariam','Kulas','heaven44@example.org','048.626.9772','2011-11-11 20:12:18','2011-12-15 06:21:12'),(3,'Rusty','Homenick','kautzer.josefa@example.org','244-397-2830x61274','2012-05-28 07:58:34','2012-09-27 02:18:41'),(4,'Kavon','Hilpert','berneice34@example.net','02203517254','2016-06-08 03:15:47','2016-10-29 16:29:42'),(5,'Abdul','Brown','geoffrey33@example.com','+45(7)5307284662','2014-12-19 16:22:59','2015-12-07 03:32:15'),(6,'Alta','Osinski','cassin.melyna@example.org','1-746-846-8070','2015-07-10 00:07:27','2016-03-02 16:12:03'),(7,'Evans','McLaughlin','qo\'keefe@example.org','(159)460-1278x4519','2012-09-13 23:28:08','2013-01-17 22:23:20'),(8,'Efrain','Prohaska','everett.lowe@example.org','059.787.5842x816','2016-12-09 20:58:08','2017-09-20 15:20:24'),(9,'Wayne','Reynolds','adelle44@example.net','178-043-7935x80660','2016-08-08 10:26:08','2017-06-20 09:31:51'),(10,'Forest','O\'Reilly','america67@example.org','+73(8)6019876998','2012-03-11 13:16:02','2013-03-07 01:37:53'),(11,'Nadia','Dibbert','haley.bertha@example.com','00039149275','2011-02-21 11:01:39','2011-06-26 03:33:44'),(12,'Marta','Effertz','crona.marguerite@example.org','1-105-145-2922','2019-02-11 15:19:57','2019-11-10 12:54:50'),(13,'Alta','Grimes','ucarroll@example.com','(754)102-2640x23836','2012-03-02 19:34:38','2012-11-13 05:52:50'),(14,'Mireya','Schinner','christ62@example.net','02974656939','2013-06-25 03:53:10','2013-09-29 14:39:34'),(15,'Maxwell','Zboncak','arnaldo16@example.net','1-301-286-9311','2010-11-25 08:41:46','2011-02-14 07:39:13'),(16,'Amira','Satterfield','trinity.douglas@example.org','819-004-5537x72644','2014-01-16 07:49:11','2014-05-11 18:17:12'),(17,'Kayley','Eichmann','carissa48@example.net','298.546.3059x215','2017-07-07 13:00:24','2018-06-06 20:28:10'),(18,'Garnett','Ortiz','osvaldo.rowe@example.com','1-203-882-0283','2015-06-15 17:34:18','2016-01-31 23:29:08'),(19,'Yolanda','Wunsch','mable49@example.org','(041)220-3203x79834','2014-09-20 00:50:08','2015-02-15 08:01:01'),(20,'Murphy','Turcotte','mariana.hahn@example.net','+48(4)4895500990','2017-03-22 23:27:37','2017-05-12 17:37:34'),(21,'Hayden','Gottlieb','dooley.emmitt@example.com','193-059-9670','2011-12-20 18:47:30','2012-06-11 16:04:39'),(22,'Chelsey','Larson','sd\'amore@example.org','1-690-753-0784x872','2018-02-25 23:34:28','2019-02-13 03:30:21'),(23,'Cathryn','Willms','ztrantow@example.org','922-631-3817x5312','2014-11-17 13:29:39','2015-04-10 17:17:38'),(24,'Lily','Cummings','dibbert.isabel@example.org','+17(1)4580127023','2019-12-01 20:44:44','2019-12-31 03:57:02'),(25,'Anya','Runte','will38@example.net','1-616-517-0276','2014-12-18 15:14:30','2015-03-07 15:52:06'),(26,'Cooper','Douglas','billy58@example.com','06623191635','2015-01-20 13:58:07','2015-11-23 19:29:12'),(27,'Giuseppe','Simonis','trey55@example.net','1-184-036-5979x8714','2010-05-19 00:06:56','2010-12-09 01:49:35'),(28,'Ludwig','Steuber','rippin.rachael@example.net','05330636559','2016-09-17 06:40:10','2016-12-24 22:40:13'),(29,'Ernest','Bins','brain.kuphal@example.com','1-327-369-6890','2012-06-09 08:59:50','2013-02-10 11:52:10'),(30,'Mortimer','Koch','madge17@example.com','706-795-1622x38776','2012-01-17 00:58:31','2012-08-08 15:20:01'),(31,'Carmela','Bahringer','dina.schaefer@example.net','+10(9)7973443528','2012-11-23 01:52:53','2013-09-03 17:03:27'),(32,'Brad','Kreiger','lromaguera@example.com','+13(0)8209173151','2018-05-04 06:28:44','2018-07-22 15:17:06'),(33,'Neil','Gorczany','kkunde@example.net','+35(1)0780935807','2013-01-08 02:44:49','2013-10-08 01:14:58'),(34,'Blaze','Huel','declan78@example.org','02772918387','2010-01-28 18:17:42','2010-03-01 08:23:22'),(35,'Marilou','Walker','dlehner@example.net','704-712-8485','2011-04-23 11:13:52','2011-07-01 14:11:47'),(36,'Tyreek','Cummerata','tcormier@example.com','(712)869-0194','2016-04-21 01:16:07','2016-12-27 21:48:44'),(37,'Jimmie','Hayes','wava68@example.com','+68(6)3045537128','2017-08-07 20:38:47','2018-06-20 18:28:09'),(38,'Joe','Johns','kuhic.rebeka@example.org','002-249-7068','2019-02-04 03:25:24','2019-05-17 02:54:22'),(39,'Darrell','Howe','rachael.brakus@example.org','108-306-7112x61912','2012-09-03 03:10:27','2013-06-19 07:07:13'),(40,'Queen','Spinka','lacy55@example.com','(406)094-6576','2016-01-25 05:35:54','2016-03-10 02:52:51'),(41,'Elissa','Rosenbaum','ariel.schamberger@example.net','717-062-9679','2012-04-25 18:27:59','2012-07-21 17:02:29'),(42,'Ricky','Hodkiewicz','funk.durward@example.net','00177479501','2013-05-16 03:32:02','2014-03-12 04:33:43'),(43,'Dominique','Littel','wsanford@example.net','350-756-9836x7280','2019-11-26 10:16:03','2020-04-18 19:41:00'),(44,'Oceane','Hansen','maxine17@example.com','690.872.9280x242','2019-05-30 16:44:00','2019-12-03 12:43:44'),(45,'Emerald','Senger','koelpin.denis@example.com','746-923-8280x701','2017-05-06 04:51:41','2017-09-19 04:35:32'),(46,'Edythe','Parisian','joany21@example.net','550-931-1678x68562','2018-06-26 22:06:14','2018-10-24 08:46:19'),(47,'Janet','Ziemann','dayna.wilkinson@example.net','(465)371-8766x45758','2010-05-26 23:55:56','2010-12-02 06:04:49'),(48,'Corine','Keeling','valerie.kemmer@example.com','+30(6)5740122253','2016-07-09 05:20:50','2017-02-17 04:05:00'),(49,'Mathew','Wisoky','jameson.roob@example.com','795-798-2793x494','2011-06-01 02:56:11','2011-11-30 02:10:25'),(50,'Chelsea','Mraz','cora56@example.org','(427)431-2647','2017-06-27 22:38:14','2018-02-23 22:36:55'),(51,'Koby','Kessler','green.prudence@example.org','352.501.1116','2013-03-20 08:22:28','2014-01-08 10:33:12'),(52,'Lulu','Tillman','waters.jaime@example.com','984-959-5165x5435','2013-08-07 21:57:28','2013-08-25 08:55:06'),(53,'Magnolia','Murazik','letitia38@example.net','1-685-479-6871','2018-05-08 12:39:46','2019-03-04 12:55:47'),(54,'Quinten','Davis','mkuvalis@example.org','03472017992','2010-12-17 21:26:15','2011-12-05 13:53:25'),(55,'Ruthe','Goyette','kelli96@example.org','1-535-688-9885x9539','2019-09-24 21:11:46','2020-02-05 06:39:36'),(56,'Suzanne','O\'Connell','eden.champlin@example.com','577-022-1518','2015-10-16 17:39:56','2016-09-19 15:37:36'),(57,'Misty','Bernier','vjenkins@example.net','288.751.8570x327','2019-10-01 00:44:12','2020-04-17 10:09:03'),(58,'Aubrey','Stiedemann','mbins@example.org','(325)887-3671x914','2011-05-19 22:41:00','2012-04-29 03:52:19'),(59,'Maximo','Ruecker','elbert.volkman@example.org','1-638-062-3897x072','2017-08-19 15:12:13','2017-09-21 12:54:17'),(60,'Garrett','Pagac','kyra93@example.net','1-976-842-5428','2014-01-14 07:57:58','2014-08-26 04:54:23'),(61,'Hollis','Wolf','claude34@example.com','132.776.3543x180','2017-04-10 18:12:58','2018-01-26 09:48:52'),(62,'Diana','Jones','guadalupe.murray@example.net','1-394-471-1581','2014-04-08 19:10:49','2014-05-30 10:21:05'),(63,'Alphonso','Ryan','jailyn48@example.com','+44(5)8462473269','2019-07-04 17:14:58','2019-10-28 22:18:37'),(64,'Felipa','Wolf','lexi86@example.com','(911)270-0846','2014-09-27 04:42:12','2014-11-27 08:29:39'),(65,'Verda','Koepp','madison94@example.com','1-151-509-8993x035','2015-02-27 19:45:59','2016-01-15 23:32:22'),(66,'Lorenzo','Wehner','karolann.hermiston@example.net','1-570-716-2206x884','2011-07-31 12:43:07','2012-06-27 20:12:40'),(67,'Lesley','McCullough','astrid91@example.com','+91(1)3401097939','2012-05-29 04:17:30','2013-04-24 06:26:06'),(68,'Jennifer','Cole','qstreich@example.org','01109015081','2017-04-18 07:17:56','2018-01-31 19:32:20'),(69,'Shanna','Kohler','eschuppe@example.org','835.901.7769','2019-04-05 23:37:02','2019-07-02 06:23:15'),(70,'Lyla','Ledner','kyla.kihn@example.com','(317)907-6688','2014-06-04 00:11:10','2015-03-31 21:19:06'),(71,'Lois','Bosco','djohnson@example.org','809-936-1525','2014-04-27 02:04:33','2014-09-21 15:25:33'),(72,'Palma','Williamson','zgerlach@example.com','762-451-4869x2765','2018-04-27 09:49:04','2018-11-13 13:10:20'),(73,'Ruben','Erdman','roselyn32@example.com','06941922836','2018-08-25 18:51:32','2019-03-06 19:34:52'),(74,'Zachariah','Hagenes','sid.shields@example.net','317-119-0664','2018-04-15 16:50:18','2019-04-15 10:23:12'),(75,'Eddie','Rogahn','ayla.thiel@example.net','1-833-722-6093','2015-06-29 03:36:43','2015-11-25 17:11:13'),(76,'Hilario','Homenick','carroll.zachary@example.net','(389)566-2602','2012-08-01 15:32:33','2012-08-20 06:46:23'),(77,'Brooklyn','Fritsch','cummerata.kane@example.com','1-236-463-9749','2016-06-08 18:52:26','2016-06-18 06:18:08'),(78,'Bryon','Nikolaus','braxton.conroy@example.net','1-714-802-7716','2014-06-09 23:44:19','2015-06-01 11:11:21'),(79,'Alexandre','Wyman','pearl.emard@example.org','941.920.1440','2012-11-16 14:04:08','2013-09-06 13:02:11'),(80,'Emmalee','Cremin','bmarks@example.org','285-347-2537x128','2011-01-23 23:07:33','2011-02-28 07:36:45'),(81,'Aurore','Schiller','zander.mante@example.net','1-245-172-0267','2016-09-02 01:25:10','2016-09-26 22:57:03'),(82,'Leslie','Franecki','yadira.kessler@example.com','01029785651','2010-03-06 09:43:01','2010-03-24 19:54:49'),(83,'Tristian','Wyman','hane.kacey@example.com','998.182.5594x707','2010-11-08 20:19:25','2010-11-26 06:42:50'),(84,'Eva','Block','gcrist@example.org','(821)509-6864','2013-09-26 00:27:50','2013-10-27 21:49:32'),(85,'Aileen','Crist','deven.nader@example.org','752-596-3312x50994','2016-02-11 13:20:45','2016-05-28 16:59:02'),(86,'Estefania','Schamberger','ngorczany@example.net','872-879-5095x9794','2019-05-12 17:20:04','2019-07-26 19:26:23'),(87,'Neoma','Glover','cgulgowski@example.net','(857)233-0051','2018-06-21 22:37:57','2018-08-14 22:14:44'),(88,'Rosalinda','Klocko','barrows.icie@example.org','214.136.0923x2011','2014-04-11 13:09:21','2014-05-26 04:54:21'),(89,'Larissa','Brown','fblock@example.com','04633480738','2015-12-14 21:52:46','2016-02-14 05:47:28'),(90,'Hector','Lehner','friesen.benny@example.net','012-794-8061','2016-12-07 21:55:34','2017-05-29 14:14:02'),(91,'Amelie','McLaughlin','mariam.kohler@example.net','(886)351-0416x316','2016-10-26 19:59:22','2017-09-06 05:47:38'),(92,'Liam','Leannon','gino.rohan@example.net','244.127.5612x4755','2013-04-18 10:09:58','2014-03-08 10:15:55'),(93,'Jada','Senger','freeman90@example.com','451-489-6188x940','2016-01-02 14:51:36','2016-11-09 09:56:35'),(94,'Abagail','Howe','lilian19@example.net','051-642-8860x2782','2010-02-20 19:47:53','2010-09-30 18:55:00'),(95,'Vesta','Orn','fabian.wolff@example.net','1-288-106-0482x5273','2012-09-01 06:24:29','2013-02-22 16:45:09'),(96,'Rashawn','Gerhold','ortiz.jade@example.net','1-525-693-9142x0831','2012-12-02 20:38:36','2013-06-27 03:00:36'),(97,'Vilma','Mertz','eernser@example.com','09112069524','2016-08-06 11:59:22','2016-12-27 12:47:22'),(98,'Terry','Dach','cynthia27@example.net','1-535-976-0749x0351','2014-03-25 22:00:51','2014-06-30 06:54:53'),(99,'Theo','Botsford','nicolas.emmett@example.net','307.288.1822','2011-05-10 02:06:01','2011-07-01 20:12:13'),(100,'Juanita','Fahey','velda55@example.net','484-947-3884','2014-01-23 16:27:23','2014-12-29 08:16:19');
/*!40000 ALTER TABLE `users` ENABLE KEYS */;
UNLOCK TABLES;
/*!40103 SET TIME_ZONE=@OLD_TIME_ZONE */;

/*!40101 SET SQL_MODE=@OLD_SQL_MODE */;
/*!40014 SET FOREIGN_KEY_CHECKS=@OLD_FOREIGN_KEY_CHECKS */;
/*!40014 SET UNIQUE_CHECKS=@OLD_UNIQUE_CHECKS */;
/*!40101 SET CHARACTER_SET_CLIENT=@OLD_CHARACTER_SET_CLIENT */;
/*!40101 SET CHARACTER_SET_RESULTS=@OLD_CHARACTER_SET_RESULTS */;
/*!40101 SET COLLATION_CONNECTION=@OLD_COLLATION_CONNECTION */;
/*!40111 SET SQL_NOTES=@OLD_SQL_NOTES */;

-- Dump completed on 2020-09-11 15:57:30